Run,Type,Flag,StartTime,StopTime,Length,Geometry,Channels,Trigger,T1,T2,T3,T4,Events,LG,HG,Ped,Size,PedRun,TrgRate,Note
1,cosmic,good,2024-03-25 16:00,2024-03-26 09:41,1061,20240322,54,12,0.005,0.005,0.005,0.005,4282,50,50,50,16,4,,
2,cosmic,good,2024-03-26 17:48,2024-04-01 14:14,8426,20240322,54,12,0.005,0.005,0.005,0.005,35579,50,50,50,129,4,,
3,cosmic,good,2024-04-17 19:35,2024-04-18 15:19,1184,20240417,174,12,0.005,0.005,0.005,0.005,4693,50,50,50,51,4,,
4,ptrg,good,2024-04-18 20:43,2024-04-18 20:44,1,20240418,192,0,0.005,0.005,0.005,0.005,41642,50,50,50,451,-1,,
5,cosmic,good,2024-04-18 20:45,2024-04-19 10:29,823,20240418,192,7,0.005,0.005,0.005,0.005,9,50,50,50,1,4,,
6,cosmic,good,2024-04-19 13:20,2024-04-19 14:26,66,20240418,192,131,0.005,0.005,0.005,0.005,1140,50,50,50,13,4,,
7,cosmic,good,2024-04-19 16:19,2024-04-19 21:04,284,20240418,192,28,0.005,0.005,0.005,0.005,5243,50,50,50,57,4,,
8,ptrg,good,2024-04-22 19:08,2024-04-22 19:10,1,20240418,192,0,0.005,0.005,0.005,0.005,100889,50,50,50,364,-1,,single board PTRG (0)
9,ptrg,good,2024-04-22 19:14,2024-04-22 19:16,1,20240418,192,0,0.005,0.005,0.005,0.005,101703,50,50,50,367,-1,,single board PTRG (1)
10,ptrg,good,2024-04-22 19:16,2024-04-22 19:19,2,20240418,192,0,0.005,0.005,0.005,0.005,131937,50,50,50,476,-1,,single board PTRG (2)
11,ptrg,good,2024-04-22 19:20,2024-04-22 19:21,0,20240418,192,0,0.005,0.005,0.005,0.005,102012,50,50,50,1103,-1,,3 boards
12,cosmic,good,2024-04-22 19:26,2024-04-24 09:23,2276,20240418,192,60,0.005,0.005,0.005,0.005,145517,50,50,50,1573,11,,try beam injection 
13,cosmic,good,2024-04-24 09:33,2024-04-24 11:33,120,20240418,192,60,0.005,0.005,0.005,0.005,8551,50,50,50,93,11,,Beam injection finished
14,cosmic,good,2024-04-24 12:00,2024-04-24 18:00,360,20240418,192,60,0.005,0.005,0.005,0.005,15811,50,50,50,171,11,,
15,cosmic,good,2024-04-24 18:00,2024-04-25 00:00,360,20240418,192,60,0.005,0.005,0.005,0.005,63412,50,50,50,686,11,,
16,cosmic,good,2024-04-25 00:00,2024-04-25 06:00,360,20240418,192,60,0.005,0.005,0.005,0.005,320348,50,50,50,3461,11,,
17,cosmic,good,2024-04-25 06:01,2024-04-25 12:01,360,20240418,192,60,0.005,0.005,0.005,0.005,40619,50,50,50,439,11,,
18,cosmic,good,2024-04-25 12:01,2024-04-25 18:01,360,20240418,192,60,0.005,0.005,0.005,0.005,14460,50,50,50,157,11,,
19,cosmic,good,2024-04-25 18:07,2024-04-25 18:09,1,20240418,192,60,0.005,0.005,0.005,0.005,69,50,50,50,1,11,,"test SPECT_TIMING mode, Tref Delay = -100 ns, Tref Window = 200 ns"
20,cosmic,good,2024-04-25 18:35,2024-04-25 18:44,9,20240418,192,60,0.005,0.005,0.005,0.005,500,50,50,50,6,11,,trigger threshold = 0.003 V
21,cosmic,bad,2024-04-25 18:44,2024-04-25 18:45,0,20240418,192,60,0.005,0.005,0.005,0.005,6409,50,50,50,70,11,,trigger threshold = 0.001 V
22,ptrg,good,2024-04-25 18:51,2024-04-25 18:51,0,20240418,192,0,0.005,0.005,0.005,0.005,10874,50,50,50,118,-1,,
23,cosmic,good,2024-04-25 19:00,2024-04-26 01:00,360,20240418,192,60,0.005,0.005,0.005,0.005,466617,50,50,50,5041,22,,collision commissioning
24,cosmic,good,2024-04-26 01:00,2024-04-26 07:00,360,20240418,192,60,0.005,0.005,0.005,0.005,2313008,50,50,50,24988,22,,collision commissioning
25,cosmic,good,2024-04-26 07:00,2024-04-26 13:00,360,20240418,192,60,0.005,0.005,0.005,0.005,754136,50,50,50,8148,22,,
26,cosmic,good,2024-04-26 13:01,2024-04-26 16:02,181,20240418,192,60,0.005,0.005,0.005,0.005,291817,50,50,50,3153,22,,
27,ptrg,good,2024-04-26 16:04,2024-04-26 16:04,0,20240418,192,0,0.005,0.005,0.005,0.005,11258,50,50,100,122,-1,,"LG = 50, HG=50, ped pos = 100"
28,ptrg,good,2024-04-26 17:49,2024-04-26 17:49,0,20240418,192,0,0.005,0.005,0.005,0.005,11894,40,50,100,129,-1,,"LG = 40, HG=50, ped pos = 100"
29,cosmic,good,2024-04-26 18:00,2024-04-26 20:00,120,20240418,192,60,0.005,0.005,0.005,0.005,687875,40,50,100,7.3G,28,,
30,cosmic,good,2024-04-26 20:00,2024-04-26 22:00,119,20240418,192,60,0.005,0.005,0.005,0.005,521891,40,50,100,5.6G,28,,
31,cosmic,good,2024-04-26 22:00,2024-04-27 00:00,120,20240418,192,60,0.005,0.005,0.005,0.005,243211,40,50,100,2628,28,,
32,data,bad,2024-04-27 00:01,2024-04-27 02:01,120,20240418,192,60,0.005,0.005,0.005,0.005,2067383,40,50,100,22335,28,,"Too high trigger rate, unable to rebuild events"
33,data,good,2024-04-27 02:01,2024-04-27 04:01,119,20240418,192,60,0.005,0.005,0.005,0.005,2431993,40,50,100,26274,28,,"Too high trigger rate, unable to rebuild events"
34,data,good,2024-04-27 04:02,2024-04-27 06:02,119,20240418,192,60,0.005,0.005,0.005,0.005,2223604,40,50,100,24023,28,,
35,data,good,2024-04-27 06:02,2024-04-27 08:02,120,20240418,192,60,0.005,0.005,0.005,0.005,2101232,40,50,100,22701,28,,
36,data,good,2024-04-27 08:02,2024-04-27 10:02,120,20240418,192,60,0.005,0.005,0.005,0.005,2780428,40,50,100,30038,28,,
37,data,good,2024-04-27 10:03,2024-04-27 12:03,119,20240418,192,60,0.005,0.005,0.005,0.005,2734219,40,50,100,29539,28,,
38,data,good,2024-04-27 12:03,2024-04-27 14:03,120,20240418,192,60,0.005,0.005,0.005,0.005,2716753,40,50,100,29350,28,,
39,data,good,2024-04-27 14:04,2024-04-27 16:04,120,20240418,192,60,0.005,0.005,0.005,0.005,2291350,40,50,100,24754,28,,
40,data,good,2024-04-27 16:04,2024-04-27 18:04,119,20240418,192,60,0.005,0.005,0.005,0.005,2252301,40,50,100,24333,28,,
41,data,bad,2024-04-27 18:05,2024-04-27 20:05,120,20240418,192,60,0.005,0.005,0.005,0.005,2612132,40,50,100,28220,28,,
42,data,bad,2024-04-27 20:05,2024-04-27 22:05,120,20240418,192,60,0.005,0.005,0.005,0.005,2540824,40,50,100,27450,28,,
43,data,bad,2024-04-27 22:05,2024-04-28 00:05,119,20240418,192,60,0.005,0.005,0.005,0.005,2110813,40,50,100,22814,28,,No Info file
44,cosmic,good,2024-04-28 16:09,2024-04-28 18:09,120,20240418,192,60,0.005,0.005,0.005,0.005,3858,40,50,100,42,28,,No Info file
45,junk,bad,2024-04-29 06:12,2024-04-29 08:12,120,20240418,192,0,0.005,0.005,0.005,0.005,2192981,40,50,100,3,28,,The list file was incomplete
46,cosmic,good,2024-04-29 08:12,2024-04-29 09:48,95,20240418,192,60,0.005,0.005,0.005,0.005,4970,40,50,100,55,28,,No Info file
47,ptrg,good,2024-04-29 10:54,2024-04-29 10:54,0,20240418,192,0,0.005,0.005,0.005,0.005,11059,40,50,100,120,-1,,
48,ptrg,good,2024-04-29 14:06,2024-04-29 14:06,0,20240418,192,0,0.005,0.005,0.005,0.005,11059,40,50,100,120,-1,,
49,ptrg,good,2024-04-29 15:53,2024-04-29 15:54,0,20240429,192,0,0.005,0.005,0.005,0.005,12063,40,50,100,131,-1,,
50,cosmic,good,2024-04-29 16:00,2024-04-29 18:00,120,20240429,192,60,0.005,0.005,0.005,0.005,4953,40,50,100,54,49,,
51,cosmic,good,2024-04-29 18:00,2024-04-29 20:00,120,20240429,192,60,0.005,0.005,0.005,0.005,4687,40,50,100,51,49,,
52,cosmic,good,2024-04-29 20:00,2024-04-29 22:00,119,20240429,192,60,0.005,0.005,0.005,0.005,13171,40,50,100,143,49,,
53,cosmic,bad,2024-04-29 22:01,2024-04-30 00:01,120,20240429,192,60,0.005,0.005,0.005,0.005,256626,40,50,100,2773,49,,collision commissioning
54,data,good,2024-04-30 00:01,2024-04-30 02:01,120,20240429,192,60,0.005,0.005,0.005,0.005,2262424,40,50,100,24442,49,,collision commissioning
55,data,bad,2024-04-30 02:01,2024-04-30 04:01,119,20240429,192,60,0.005,0.005,0.005,0.005,2615162,40,50,100,28253,49,,collision commissioning
56,data,bad,2024-04-30 04:02,2024-04-30 06:02,119,20240429,192,60,0.005,0.005,0.005,0.005,2546929,40,50,100,27515,49,,collision commissioning
57,data,bad,2024-04-30 06:02,2024-04-30 08:02,120,20240429,192,60,0.005,0.005,0.005,0.005,2496197,40,50,100,26967,49,,collision commissioning
58,data,bad,2024-04-30 08:03,2024-04-30 10:03,120,20240429,192,60,0.005,0.005,0.005,0.005,2339237,40,50,100,25272,49,,collision commissioning
59,ptrg,good,2024-04-30 11:21,2024-04-30 11:21,0,20240429,192,0,0.005,0.005,0.005,0.005,11257,40,50,100,122,-1,,"LG = 40, HG=50, ped pos = 100"
60,ptrg,good,2024-04-30 11:40,2024-04-30 11:40,0,20240429,192,0,0.005,0.005,0.005,0.005,11056,40,50,150,120,-1,,"LG = 40, HG=50, ped pos = 150"
61,ptrg,good,2024-04-30 11:44,2024-04-30 11:45,0,20240429,192,0,0.005,0.005,0.005,0.005,11081,40,50,160,120,-1,,"LG = 40, HG=50, ped pos = 160"
62,cosmic,good,2024-04-30 13:07,2024-04-30 18:25,317,20240429,192,6,0.005,0.005,0.005,0.005,49779,40,50,160,538,61,,beam injection at the end
63,data,good,2024-04-30 18:48,2024-04-30 20:48,120,20240429,192,6,0.005,0.1,0.05,0.005,52,40,50,160,1,61,,pp200_production_LowLuminosity; tile 2 = 0.1V; tile 3 = 0.05V
64,data,good,2024-04-30 20:49,2024-04-30 22:49,120,20240429,192,6,0.005,0.1,0.05,0.005,37,40,50,160,1,61,,pp200_production_LowLuminosity; tile 2 = 0.1V; tile 3 = 0.05V
65,data,good,2024-04-30 22:49,2024-05-01 00:49,119,20240429,192,6,0.005,0.005,0.005,0.005,40,40,50,160,1,61,,
66,data,good,2024-05-01 00:49,2024-05-01 02:49,120,20240429,192,6,0.005,0.005,0.005,0.005,37,40,50,160,1,61,,
67,data,good,2024-05-01 02:50,2024-05-01 04:50,120,20240429,192,6,0.005,0.005,0.005,0.005,154,40,50,160,2,61,,
68,data,good,2024-05-01 04:50,2024-05-01 06:50,119,20240429,192,6,0.005,0.005,0.005,0.005,110,40,50,160,2,61,,
69,data,good,2024-05-01 06:51,2024-05-01 08:51,119,20240429,192,6,0.005,0.005,0.005,0.005,41,40,50,160,1,61,,
70,data,good,2024-05-01 08:51,2024-05-01 10:30,99,20240429,192,6,0.005,0.005,0.005,0.005,7,40,50,160,1,61,,
71,ptrg,good,2024-05-01 11:23,2024-05-01 11:23,0,20240429,192,0,0.005,0.005,0.005,0.005,13724,40,50,160,121,-1,,with beam injection
72,data,good,2024-05-01 12:24,2024-05-01 12:27,2,20240429,192,6,0.005,0.01,0.01,0.005,715,40,50,160,8,71,,tile 2 = tile 3 = 0.01 V
73,data,good,2024-05-01 12:28,2024-05-01 12:29,1,20240429,192,6,0.005,0.02,0.02,0.005,51,40,50,160,1,71,,tile 2 = tile 3 = 0.02 V
74,data,good,2024-05-01 12:31,2024-05-01 12:32,0,20240429,192,6,0.005,0.015,0.015,0.005,88,40,50,160,1,71,,tile 2 = tile 3 = 0.015 V
75,data,good,2024-05-01 12:40,2024-05-01 12:41,0,20240429,192,4,0.005,0.005,0.015,0.005,3059,40,50,160,34,71,,tile 3 = 0.015 V
76,data,good,2024-05-01 12:42,2024-05-01 12:43,0,20240429,192,4,0.005,0.005,0.02,0.005,2465,40,50,160,27,71,,tile 3 = 0.02 V
77,data,good,2024-05-01 12:44,2024-05-01 12:45,0,20240429,192,4,0.005,0.005,0.03,0.005,1106,40,50,160,12,71,,tile 3 = 0.03 V
78,data,good,2024-05-01 12:45,2024-05-01 12:46,0,20240429,192,4,0.005,0.005,0.05,0.005,494,40,50,160,6,71,,tile 3 = 0.05 V
79,data,good,2024-05-01 12:46,2024-05-01 12:47,0,20240429,192,4,0.005,0.005,0.1,0.005,303,40,50,160,4,71,,tile 3 = 0.1 V
80,data,bad,2024-05-01 12:48,2024-05-01 12:48,0,20240429,192,2,0.005,0.01,0.005,0.005,8566,40,50,160,93,71,,tile 2 = 0.01 V
81,data,good,2024-05-01 12:49,2024-05-01 12:49,0,20240429,192,2,0.005,0.015,0.005,0.005,7012,40,50,160,76,71,,tile 2 = 0.015 V
82,data,good,2024-05-01 12:50,2024-05-01 12:50,0,20240429,192,2,0.005,0.02,0.005,0.005,2735,40,50,160,30,71,,tile 2 = 0.02 V
83,data,good,2024-05-01 12:51,2024-05-01 12:51,0,20240429,192,2,0.005,0.03,0.005,0.005,944,40,50,160,11,71,,tile 2 = 0.03 V
84,data,good,2024-05-01 12:52,2024-05-01 12:52,0,20240429,192,2,0.005,0.05,0.005,0.005,422,40,50,160,5,71,,tile 2 = 0.05 V
85,data,good,2024-05-01 12:53,2024-05-01 12:53,0,20240429,192,2,0.005,0.1,0.005,0.005,220,40,50,160,3,71,,tile 2 = 0.1 V
86,data,good,2024-05-01 13:03,2024-05-01 15:03,119,20240429,192,4,0.005,0.005,0.1,0.005,43100,40,50,160,466,71,,pp200_production_LowLuminosity; tile 3 = 0.1 V
87,data,good,2024-05-01 15:03,2024-05-01 17:03,120,20240429,192,4,0.005,0.005,0.1,0.005,42991,40,50,160,465,71,,tile 3 = 0.1 V
88,data,good,2024-05-01 17:04,2024-05-01 19:04,120,20240429,192,4,0.005,0.005,0.1,0.005,43881,40,50,160,475,71,,tile 3 = 0.1 V
89,data,good,2024-05-01 19:04,2024-05-01 21:04,119,20240429,192,4,0.005,0.005,0.1,0.005,43519,40,50,160,471,71,,tile 3 = 0.1 V
90,data,good,2024-05-01 21:05,2024-05-01 23:05,120,20240429,192,4,0.005,0.005,0.1,0.005,31853,40,50,160,345,71,,tile 3 = 0.1 V
91,data,bad,2024-05-01 23:05,2024-05-02 01:05,120,20240429,192,4,0.005,0.005,0.1,0.005,31854,40,50,160,1,71,,tile 3 = 0.1 V
92,data,good,2024-05-01 23:06,2024-05-02 01:06,120,20240429,192,4,0.005,0.005,0.1,0.005,29281,40,50,160,317,71,,tile 3 = 0.1 V
93,data,good,2024-05-02 01:06,2024-05-02 03:06,120,20240429,192,4,0.005,0.005,0.1,0.005,43479,40,50,160,470,71,,tile 3 = 0.1 V
94,data,good,2024-05-02 03:06,2024-05-02 05:06,119,20240429,192,4,0.005,0.005,0.1,0.005,43841,40,50,160,474,71,,tile 3 = 0.1 V
95,data,good,2024-05-02 05:07,2024-05-02 07:07,120,20240429,192,4,0.005,0.005,0.1,0.005,42557,40,50,160,460,71,,tile 3 = 0.1 V
96,data,good,2024-05-02 07:07,2024-05-02 09:07,120,20240429,192,4,0.005,0.005,0.1,0.005,42396,40,50,160,459,71,,tile 3 = 0.1 V
97,data,good,2024-05-02 09:07,2024-05-02 11:07,119,20240429,192,4,0.005,0.005,0.1,0.005,29863,40,50,160,323,71,,tile 3 = 0.1 V
98,data,good,2024-05-02 11:08,2024-05-02 13:08,120,20240429,192,4,0.005,0.005,0.1,0.005,0,40,50,160,1,71,,tile 3 = 0.1 V
99,data,good,2024-05-02 13:08,2024-05-02 15:08,120,20240429,192,4,0.005,0.005,0.1,0.005,3,40,50,160,1,71,,tile 3 = 0.1 V
100,ptrg,good,2024-05-02 15:22,2024-05-02 15:22,0,20240429,192,0,0.005,0.005,0.005,0.005,15903,40,50,160,172,-1,,with beam injection
101,cosmic,good,2024-05-02 15:23,2024-05-02 16:41,78,20240429,192,2,0.01,0.005,0.005,0.005,1663,40,50,160,18,100,,tile 2 = 0.01 V; beam injection
102,ptrg,good,2024-05-02 16:44,2024-05-02 16:44,0,20240429,192,0,0.005,0.005,0.005,0.005,15882,30,50,160,172,-1,,"LG=30, HG=50, Ped=160"
103,data,good,2024-05-02 16:50,2024-05-02 18:50,119,20240429,192,4,0.005,0.005,0.005,0.005,44538,30,50,160,482,102,,"LG=30, HG=50, Ped=160"
104,data,good,2024-05-02 18:50,2024-05-02 20:50,120,20240429,192,4,0.005,0.005,0.005,0.005,37717,30,50,160,408,102,,"LG=30, HG=50, Ped=160"
105,data,good,2024-05-02 20:51,2024-05-02 22:51,120,20240429,192,4,0.005,0.005,0.005,0.005,44282,30,50,160,479,102,,"LG=30, HG=50, Ped=160"
106,data,good,2024-05-02 22:51,2024-05-03 00:51,120,20240429,192,4,0.005,0.005,0.005,0.005,43629,30,50,160,472,102,,"LG=30, HG=50, Ped=160"
107,data,good,2024-05-03 00:51,2024-05-03 02:51,119,20240429,192,4,0.005,0.005,0.005,0.005,39539,30,50,160,428,102,,"LG=30, HG=50, Ped=160"
108,data,good,2024-05-03 02:52,2024-05-03 04:52,120,20240429,192,4,0.005,0.005,0.005,0.005,2881,30,50,160,32,102,,"LG=30, HG=50, Ped=160"
109,data,good,2024-05-03 04:52,2024-05-03 06:52,120,20240429,192,4,0.005,0.005,0.005,0.005,968,30,50,160,11,102,,"LG=30, HG=50, Ped=160"
110,data,good,2024-05-03 06:53,2024-05-03 08:53,119,20240429,192,4,0.005,0.005,0.005,0.005,26985,30,50,160,292,102,,"LG=30, HG=50, Ped=160"
111,data,good,2024-05-03 08:53,2024-05-03 10:53,120,20240429,192,4,0.005,0.005,0.005,0.005,48949,30,50,160,529,102,,"LG=30, HG=50, Ped=160"
112,data,good,2024-05-03 10:53,2024-05-03 12:53,120,20240429,192,4,0.005,0.005,0.005,0.005,43315,30,50,160,468,102,,"LG=30, HG=50, Ped=160"
113,data,bad,2024-05-03 12:54,2024-05-03 13:51,56,20240429,192,4,0.005,0.005,0.005,0.005,12300,30,50,160,89,102,,"LG=30, HG=50, Ped=160"
114,ptrg,good,2024-05-03 14:07,2024-05-03 14:07,0,20240429,192,0,0.005,0.005,0.005,0.005,13955,30,50,160,151,-1,,"LG=30, HG=50, Ped=160"
115,cosmic,good,2024-05-03 14:08,2024-05-03 16:35,146,20240429,192,4,0.005,0.005,0.005,0.005,38740,30,50,160,419,114,,"cosmic with beam injection, CAEN unit 1 and 3 trip off during the run"
116,ptrg,good,2024-05-03 16:46,2024-05-03 16:46,0,20240429,192,0,0.005,0.005,0.005,0.005,13119,30,55,160,142,-1,,"LG=30, HG=55, Ped=160"
117,ptrg,good,2024-05-03 16:47,2024-05-03 16:47,0,20240429,192,0,0.005,0.005,0.005,0.005,13475,30,60,160,146,-1,,"LG=30, HG=60, Ped=160"
118,cosmic,good,2024-05-03 16:50,2024-05-03 17:28,37,20240429,192,4,0.005,0.005,0.005,0.005,87083,30,60,160,941,116,,"cosmic with beam injection, CAEN unit 1 and 3 trip off during the run; HG=60"
119,cosmic,good,2024-05-03 17:36,2024-05-03 18:21,45,20240429,192,4,0.005,0.005,0.005,0.005,799,30,55,160,9,116,,"HG=55, Tile 3 = 0.005 V"
120,cosmic,good,2024-05-03 18:30,2024-05-03 19:01,30,20240429,192,4,0.005,0.005,0.005,0.005,3509,30,55,160,38,116,,"cosmic with beam injection, HG=55, Tile 3 = 0.005 V"
121,data,good,2024-05-03 19:07,2024-05-03 19:26,19,20240429,192,4,0.005,0.005,0.005,0.005,14918,30,55,160,162,116,,HG=55
122,data,good,2024-05-03 19:27,2024-05-03 19:44,16,20240429,192,4,0.005,0.005,0.1,0.005,6571,30,55,160,71,116,,"HG=55, tile 3 = 0.1V"
123,data,good,2024-05-03 19:44,2024-05-03 19:45,0,20240429,192,4,0.005,0.005,0.15,0.005,235,30,55,160,3,116,,"HG=55, tile 3 = 0.15V"
124,data,good,2024-05-03 19:46,2024-05-03 21:46,120,20240429,192,4,0.005,0.01,0.2,0.005,8294,30,55,160,90,116,0.04,
125,data,good,2024-05-03 21:46,2024-05-03 23:46,120,20240429,192,4,0.005,0.01,0.2,0.005,8017,30,55,160,87,116,0.04,
126,data,good,2024-05-03 23:46,2024-05-04 01:46,119,20240429,192,4,0.005,0.01,0.2,0.005,8011,30,55,160,87,116,0.04,
127,data,bad,2024-05-04 01:47,2024-05-04 03:47,119,20240429,192,4,0.005,0.01,0.2,0.005,8004,30,55,160,87,116,0.04,
128,data,good,2024-05-04 03:47,2024-05-04 05:47,120,20240429,192,4,0.005,0.01,0.2,0.005,8059,30,55,160,88,116,0.04,
129,data,bad,2024-05-04 05:48,2024-05-04 07:48,120,20240429,192,4,0.005,0.01,0.2,0.005,8194,30,55,160,89,116,0.04,
130,data,good,2024-05-04 07:48,2024-05-04 09:48,119,20240429,192,4,0.005,0.01,0.2,0.005,6935,30,55,160,75,116,0.04,
131,data,good,2024-05-04 09:48,2024-05-04 11:48,120,20240429,192,4,0.005,0.01,0.2,0.005,8939,30,55,160,97,116,0.04,
132,data,good,2024-05-04 11:49,2024-05-04 13:49,120,20240429,192,4,0.005,0.01,0.2,0.005,8154,30,55,160,89,116,0.04,
133,data,good,2024-05-04 13:49,2024-05-04 15:49,119,20240429,192,4,0.005,0.01,0.2,0.005,7856,30,55,160,85,116,0.04,
134,data,good,2024-05-04 15:50,2024-05-04 17:50,120,20240429,192,4,0.005,0.01,0.2,0.005,8223,30,55,160,89,116,0.04,
135,data,good,2024-05-04 17:50,2024-05-04 19:50,120,20240429,192,4,0.005,0.01,0.2,0.005,7394,30,55,160,80,116,0.04,
136,data,good,2024-05-04 19:50,2024-05-04 21:50,119,20240429,192,4,0.005,0.01,0.2,0.005,12726,30,55,160,138,116,0.04,
137,data,good,2024-05-04 21:51,2024-05-04 23:51,119,20240429,192,4,0.005,0.01,0.2,0.005,9380,30,55,160,102,116,0.04,
138,data,good,2024-05-04 23:51,2024-05-05 00:44,53,20240429,192,4,0.005,0.01,0.2,0.005,3916,30,55,160,43,116,0.04,
139,cosmic,good,2024-05-06 09:50,2024-05-06 10:21,31,20240429,192,4,0.005,0.01,0.2,0.005,626,30,55,160,7,116,0.04,
140,ptrg,good,2024-05-06 10:35,2024-05-06 10:35,0,20240429,192,0,0.005,0.01,0.2,0.005,16214,30,55,160,163,116,0.04,
141,cosmic,good,2024-05-06 10:36,2024-05-06 14:22,225,20240429,192,4,0.005,0.01,0.005,0.005,136264,30,55,160,1473,116,0.04,
142,cosmic,good,2024-05-06 14:23,2024-05-06 15:26,62,20240429,192,4,0.005,0.01,0.2,0.005,5704,30,55,160,62,116,0.04,tune beam
143,data,good,2024-05-06 15:37,2024-05-06 17:46,129,20240429,192,4,0.005,0.01,0.2,0.005,10849,30,55,160,118,116,0.04,
144,data,bad,2024-05-06 17:47,2024-05-06 19:47,120,20240429,192,4,0.005,0.01,0.2,0.005,10948,30,55,160,119,116,0.04,
145,data,good,2024-05-06 19:47,2024-05-06 21:47,119,20240429,192,4,0.005,0.01,0.2,0.005,9818,30,55,160,107,116,0.04,
146,data,good,2024-05-06 21:48,2024-05-06 23:48,120,20240429,192,4,0.005,0.01,0.2,0.005,9401,30,55,160,102,116,0.04,
147,data,good,2024-05-06 23:48,2024-05-07 01:48,120,20240429,192,4,0.005,0.01,0.2,0.005,9247,30,55,160,100,116,0.04,
148,data,good,2024-05-07 01:49,2024-05-07 03:49,119,20240429,192,4,0.005,0.01,0.2,0.005,13343,30,55,160,145,116,0.04,
149,data,good,2024-05-07 03:49,2024-05-07 05:49,120,20240429,192,4,0.005,0.01,0.2,0.005,11092,30,55,160,120,116,0.04,
150,data,good,2024-05-07 05:49,2024-05-07 07:49,120,20240429,192,4,0.005,0.01,0.2,0.005,10097,30,55,160,110,116,0.04,
151,data,good,2024-05-07 07:50,2024-05-07 08:16,25,20240429,192,4,0.005,0.01,0.2,0.005,1958,30,55,160,22,116,0.04,No Info file
152,ptrg,good,2024-05-07 10:39,2024-05-07 10:39,0,20240429,192,0,0.005,0.01,0.2,0.005,16909,30,55,160,183,116,0.04,
153,cosmic,good,2024-05-07 10:43,2024-05-07 12:15,91,20240429,192,4,0.005,0.01,0.005,0.005,1907,30,55,160,21,152,0.04,
154,ptrg,good,2024-05-07 14:53,2024-05-07 14:54,0,20240429,192,0,0.005,0.01,0.2,0.005,15881,30,55,160,172,116,0.04,ptrg after work on the prototype
155,cosmic,good,2024-05-07 14:55,2024-05-07 15:12,16,20240429,192,240,0.005,0.005,0.005,0.005,1005,30,55,160,11,154,0.04,
156,cosmic,good,2024-05-07 15:13,2024-05-07 16:26,73,20240429,192,240,0.005,0.005,0.005,0.005,3773,30,55,160,41,154,0.0,
157,cosmic,good,2024-05-07 16:32,2024-05-07 18:30,118,20240429,192,240,0.005,0.005,0.005,0.005,6238,30,55,160,68,154,0.0,
158,cosmic,good,2024-05-07 18:31,2024-05-07 20:31,119,20240429,192,240,0.005,0.005,0.005,0.005,6160,30,55,160,67,154,0.0,
159,cosmic,good,2024-05-07 20:31,2024-05-07 22:31,120,20240429,192,240,0.005,0.005,0.005,0.005,6294,30,55,160,69,154,0.0,
160,cosmic,good,2024-05-07 22:31,2024-05-07 23:24,53,20240429,192,240,0.005,0.005,0.005,0.005,2779,30,55,160,31,154,0.0,
161,cosmic,good,2024-05-07 23:25,2024-05-08 01:25,120,20240429,192,240,0.2,0.2,0.2,0.2,0,30,55,160,1,154,0.0,
162,cosmic,good,2024-05-08 01:25,2024-05-08 03:25,119,20240429,192,240,0.2,0.2,0.2,0.2,1,30,55,160,1,154,0.0,
163,cosmic,good,2024-05-08 03:26,2024-05-08 05:26,120,20240429,192,240,0.2,0.2,0.2,0.2,3,30,55,160,1,154,0.0,
164,cosmic,good,2024-05-08 05:26,2024-05-08 07:26,120,20240429,192,240,0.2,0.2,0.2,0.2,0,30,55,160,1,154,0.0,
165,cosmic,good,2024-05-08 07:27,2024-05-08 09:27,119,20240429,192,240,0.005,0.005,0.005,0.005,74255,30,55,160,803,154,0.0,
166,cosmic,bad,2024-05-08 09:27,2024-05-08 10:30,63,20240429,192,240,0.005,0.005,0.005,0.005,122820,30,55,160,1327,154,0.0,tune beam
167,cosmic,good,2024-05-08 10:31,2024-05-08 12:31,120,20240429,192,240,0.2,0.2,0.2,0.2,7556,30,55,160,82,154,0.0,
168,cosmic,good,2024-05-08 12:32,2024-05-08 14:32,120,20240429,192,240,0.2,0.2,0.2,0.2,2789,30,55,160,31,154,0.0,
169,cosmic,good,2024-05-08 14:32,2024-05-08 16:32,119,20240429,192,240,0.2,0.2,0.2,0.2,980,30,55,160,11,154,0.0,
170,cosmic,good,2024-05-08 16:33,2024-05-08 17:19,45,20240429,192,240,0.2,0.2,0.2,0.2,260,30,55,160,3,154,0.0,
171,ptrg,good,2024-05-08 17:20,2024-05-08 17:20,0,20240429,192,0,0.2,0.2,0.2,0.2,15899,30,55,160,172,154,0.0,
172,cosmic,good,2024-05-08 17:26,2024-05-08 19:26,120,20240429,192,240,0.01,0.01,0.01,0.01,33984,30,55,160,368,171,0.0,
173,cosmic,good,2024-05-08 19:26,2024-05-08 21:26,119,20240429,192,240,0.01,0.01,0.01,0.01,105505,30,55,160,1140,171,0.0,
174,cosmic,good,2024-05-08 21:26,2024-05-08 23:09,102,20240429,192,240,0.01,0.01,0.01,0.01,3638,30,55,160,40,171,0.0,
175,cosmic,good,2024-05-08 23:11,2024-05-09 01:11,119,20240429,192,240,0.05,0.05,0.05,0.05,248,30,55,160,3,171,0.0,
176,cosmic,good,2024-05-09 01:12,2024-05-09 03:12,120,20240429,192,240,0.05,0.05,0.05,0.05,263,30,55,160,3,171,0.0,
177,cosmic,good,2024-05-09 03:12,2024-05-09 05:12,120,20240429,192,240,0.05,0.05,0.05,0.05,2909,30,55,160,32,171,0.0,
178,cosmic,good,2024-05-09 05:13,2024-05-09 07:13,119,20240429,192,240,0.05,0.05,0.05,0.05,232,30,55,160,3,171,0.0,
179,cosmic,good,2024-05-09 07:14,2024-05-09 09:14,119,20240429,192,240,0.05,0.05,0.05,0.05,500,30,55,160,6,171,0.0,
180,cosmic,good,2024-05-09 09:14,2024-05-09 11:14,120,20240429,192,240,0.05,0.05,0.05,0.05,8000,30,55,160,87,171,0.0,
181,cosmic,good,2024-05-09 11:15,2024-05-09 13:15,120,20240429,192,240,0.05,0.05,0.05,0.05,11074,30,55,160,120,171,0.0,
182,cosmic,good,2024-05-09 13:15,2024-05-09 15:15,119,20240429,192,240,0.05,0.05,0.05,0.05,427797,30,55,160,4622,171,0.0,
183,cosmic,good,2024-05-09 15:15,2024-05-09 15:51,36,20240429,192,240,0.05,0.05,0.05,0.05,5821,30,55,160,63,171,0.0,
184,ptrg,good,2024-05-09 15:55,2024-05-09 15:55,0,20240429,192,0,0.05,0.05,0.05,0.05,13689,30,55,160,149,171,0.0,
185,cosmic,good,2024-05-09 15:56,2024-05-09 17:56,120,20240429,192,240,0.05,0.05,0.05,0.05,228149,30,55,160,2465,184,0.0,
186,cosmic,good,2024-05-09 17:56,2024-05-09 19:56,119,20240429,192,240,0.05,0.05,0.05,0.05,203184,30,55,160,2196,184,0.0,
187,cosmic,good,2024-05-09 19:56,2024-05-09 21:01,65,20240429,192,240,0.05,0.05,0.05,0.05,90881,30,55,160,982,184,0.0,"beam injection, board 0 and 2 HV off"
188,data,good,2024-05-09 21:16,2024-05-09 21:47,31,20240429,192,240,0.4,0.4,0.4,0.4,998,30,55,160,11,184,0.04,"abnormally high trigger rate, lower the threshold to 0.3 V near the end of run"
189,data,good,2024-05-09 21:52,2024-05-09 22:41,48,20240429,192,240,0.05,0.05,0.05,0.05,217633,30,55,160,1629,184,0.04,Board 2 HV off
190,data,good,2024-05-09 22:43,2024-05-10 00:43,120,20240429,192,240,0.5,0.5,0.5,0.5,2933,30,55,160,32,184,0.04,
191,data,good,2024-05-10 00:43,2024-05-10 02:43,119,20240429,192,240,0.5,0.5,0.5,0.5,4070,30,55,160,31,184,0.04,
192,data,good,2024-05-10 02:44,2024-05-10 04:44,119,20240429,192,240,0.5,0.5,0.5,0.5,2242,30,55,160,17,184,0.04,
193,data,good,2024-05-10 04:44,2024-05-10 06:44,120,20240429,192,240,0.5,0.5,0.5,0.5,5011,30,55,160,19,184,0.04,
194,data,good,2024-05-10 06:45,2024-05-10 08:45,120,20240429,192,240,0.5,0.5,0.5,0.5,4622,30,55,160,17,184,0.04,
195,data,good,2024-05-10 08:45,2024-05-10 09:24,38,20240429,192,240,0.5,0.5,0.5,0.5,887,30,55,160,4,184,0.04,
196,data,good,2024-05-10 09:26,2024-05-10 11:26,120,20240429,192,240,0.5,0.5,0.5,0.5,982,30,55,160,11,184,0.04,
197,cosmic,good,2024-05-10 13:27,2024-05-10 14:49,81,20240429,192,240,0.5,0.5,0.5,0.5,21,30,55,160,1,184,0.0,
198,ptrg,good,2024-05-10 15:02,2024-05-10 15:03,0,20240429,192,0,0.5,0.5,0.5,0.5,12889,30,55,160,140,-1,0.0,
199,data,good,2024-05-10 15:42,2024-05-10 16:17,34,20240429,192,7,0.02,0.02,0.02,0.02,971,30,55,160,11,198,0.04,
200,data,good,2024-05-10 16:19,2024-05-10 18:19,120,20240429,192,67,0.2,0.2,0.2,0.2,11518,30,55,160,125,198,0.04,
201,data,good,2024-05-10 18:19,2024-05-10 20:19,119,20240429,192,67,0.2,0.2,0.2,0.2,9746,30,55,160,106,198,0.04,
202,data,good,2024-05-10 20:20,2024-05-10 22:20,120,20240429,192,67,0.2,0.2,0.2,0.2,9783,30,55,160,106,198,0.04,
203,data,good,2024-05-10 22:20,2024-05-11 00:20,120,20240429,192,67,0.2,0.2,0.2,0.2,9733,30,55,160,106,198,0.04,
204,data,good,2024-05-11 00:21,2024-05-11 02:21,120,20240429,192,67,0.2,0.2,0.2,0.2,11218,30,55,160,122,198,0.04,
205,data,good,2024-05-11 02:21,2024-05-11 04:21,119,20240429,192,67,0.2,0.2,0.2,0.2,17618,30,55,160,191,198,0.04,
206,data,good,2024-05-11 04:21,2024-05-11 06:21,120,20240429,192,67,0.2,0.2,0.2,0.2,5984,30,55,160,64,198,0.04,
207,data,good,2024-05-11 06:22,2024-05-11 07:08,45,20240429,192,67,0.2,0.2,0.2,0.2,12600,30,55,160,46,198,0.04,
208,data,good,2024-05-11 07:10,2024-05-11 09:10,120,20240429,192,67,0.2,0.2,0.2,0.2,10288,30,55,160,112,198,0.04,
209,data,good,2024-05-11 09:10,2024-05-11 09:44,33,20240429,192,67,0.2,0.2,0.2,0.2,4743,30,55,160,41,198,0.04,
210,data,good,2024-05-11 09:47,2024-05-11 11:47,120,20240429,192,67,0.2,0.2,0.5,0.2,2513,30,55,160,28,198,0.04,
211,data,good,2024-05-11 11:48,2024-05-11 13:48,120,20240429,192,67,0.2,0.2,0.5,0.2,3590,30,55,160,29,198,0.04,
212,data,good,2024-05-11 13:48,2024-05-11 15:48,119,20240429,192,67,0.2,0.2,0.5,0.2,1962,30,55,160,15,198,0.04,
213,data,good,2024-05-11 15:49,2024-05-11 17:49,120,20240429,192,67,0.2,0.2,0.5,0.2,227,30,55,160,2,198,0.04,
214,data,good,2024-05-11 17:49,2024-05-11 19:40,111,20240429,192,67,0.2,0.2,0.5,0.2,3,30,55,160,1,198,0.04,
215,data,good,2024-05-11 19:42,2024-05-11 21:42,120,20240429,192,67,0.2,0.2,0.5,0.2,3060,30,55,160,20,198,0.04,
216,data,good,2024-05-11 21:42,2024-05-11 22:18,35,20240429,192,67,0.2,0.2,0.5,0.2,405,30,55,160,2,198,0.04,
217,ptrg,good,2024-05-11 22:37,2024-05-11 22:38,0,20240429,192,0,0.2,0.2,0.5,0.2,13270,30,55,160,144,-1,0.0,
218,data,good,2024-05-11 22:39,2024-05-12 00:39,119,20240429,192,67,0.2,0.2,0.5,0.2,1212,30,55,160,14,217,0.04,
219,data,good,2024-05-12 00:39,2024-05-12 02:15,96,20240429,192,67,0.2,0.2,0.5,0.2,2371,30,55,160,18,217,0.04,
220,data,good,2024-05-12 02:15,2024-05-12 04:15,120,20240429,192,67,0.2,0.2,0.5,0.2,1047,30,55,160,12,217,0.04,
221,data,good,2024-05-12 04:16,2024-05-12 06:16,119,20240429,192,67,0.2,0.2,0.5,0.2,3224,30,55,160,15,217,0.04,
222,data,bad,2024-05-12 06:16,2024-05-12 08:16,120,20240429,192,67,0.2,0.2,0.5,0.2,1277,30,55,160,5,217,0.04,
223,data,bad,2024-05-12 08:16,2024-05-12 09:30,74,20240429,192,67,0.2,0.2,0.5,0.2,3595,30,55,160,14,217,0.04,
224,data,good,2024-05-12 09:33,2024-05-12 11:33,120,20240429,192,67,0.2,0.2,0.5,0.2,1632,30,55,160,18,217,0.04,
225,data,good,2024-05-12 11:33,2024-05-12 13:33,119,20240429,192,67,0.2,0.2,0.5,0.2,1508,30,55,160,13,217,0.04,
226,data,good,2024-05-12 13:34,2024-05-12 15:21,107,20240429,192,67,0.2,0.2,0.5,0.2,1976,30,55,160,8,217,0.04,
227,data,good,2024-05-12 15:24,2024-05-12 17:24,120,20240429,192,67,0.2,0.2,0.5,0.2,3194,30,55,160,35,217,0.04,
228,data,good,2024-05-12 17:24,2024-05-12 19:24,119,20240429,192,67,0.2,0.2,0.5,0.2,1852,30,55,160,21,217,0.04,
229,data,good,2024-05-12 19:25,2024-05-12 21:25,119,20240429,192,67,0.2,0.2,0.5,0.2,1700,30,55,160,19,217,0.04,
230,data,good,2024-05-12 21:25,2024-05-12 22:07,42,20240429,192,67,0.2,0.2,0.5,0.2,577,30,55,160,7,217,0.04,
231,ptrg,good,2024-05-12 22:08,2024-05-12 22:08,0,20240429,192,0,0.2,0.2,0.5,0.2,13088,30,55,160,142,-1,0.0,
232,data,good,2024-05-12 22:09,2024-05-12 22:22,12,20240429,192,67,0.2,0.2,0.5,0.2,151,30,55,160,2,231,0.04,
233,data,good,2024-05-12 22:22,2024-05-13 00:22,120,20240429,192,67,0.2,0.2,0.2,0.2,8401,30,55,160,91,231,0.04,
234,data,good,2024-05-13 03:19,2024-05-13 05:19,119,20240429,192,67,0.2,0.2,0.2,0.2,21626,30,55,160,234,231,0.04,
235,data,good,2024-05-13 05:19,2024-05-13 07:19,120,20240429,192,67,0.2,0.2,0.2,0.2,12058,30,55,160,131,231,0.04,
236,data,good,2024-05-13 07:19,2024-05-13 09:19,120,20240429,192,67,0.2,0.2,0.2,0.2,11280,30,55,160,122,231,0.04,
237,data,good,00,2024-05-13 11:10,3543039310,2024-04-29,192,67,0.2,0.2,0.2,0.2,5445,30,55,160,59,231,0.04,no Info file
238,ptrg,good,2024-05-13 11:20,2024-05-13 11:20,0,20240429,192,0,0.2,0.2,0.2,0.2,12779,30,55,160,139,-1,0.0,
239,data,good,2024-05-13 11:27,2024-05-13 11:51,23,20240429,192,67,0.2,0.2,0.2,0.2,28697,30,55,160,311,198,0.04,
240,data,good,00,2024-05-13 13:02,3543039422,2024-04-29,192,67,0.2,0.2,0.5,0.2,9336,30,55,160,102,238,0.04,"daq freezes, No Info file"
241,data,good,2024-05-13 13:29,2024-05-13 15:29,120,20240429,192,67,0.3,0.3,0.6,0.2,1932,30,55,160,21,238,0.04,"not sure about T1, T2 and T3"
242,data,good,2024-05-13 15:29,2024-05-13 17:29,119,20240429,192,67,0.3,0.3,0.6,0.2,505,30,55,160,6,238,0.04,"not sure about T1, T2 and T3"
243,data,good,2024-05-13 17:29,2024-05-13 19:29,120,20240429,192,67,0.3,0.3,0.6,0.2,177,30,55,160,2,238,0.04,"not sure about T1, T2 and T3"
244,data,good,2024-05-13 19:30,2024-05-13 21:30,120,20240429,192,67,0.3,0.3,0.6,0.2,209,30,55,160,3,238,0.04,"not sure about T1, T2 and T3"
245,data,good,2024-05-13 21:30,2024-05-13 23:30,119,20240429,192,67,0.3,0.3,0.6,0.2,206,30,55,160,3,238,0.04,
246,data,good,2024-05-13 23:31,2024-05-13 23:55,24,20240429,192,67,0.3,0.3,0.6,0.2,597,30,55,160,5,238,0.04,
247,data,good,2024-05-14 00:04,2024-05-14 02:04,120,20240429,192,67,0.3,0.3,0.6,0.2,336,30,55,160,4,238,0.04,
248,data,good,2024-05-14 02:04,2024-05-14 04:04,120,20240429,192,67,0.3,0.3,0.6,0.2,213,30,55,160,3,238,0.04,
249,data,good,2024-05-14 04:05,2024-05-14 06:05,119,20240429,192,67,0.3,0.3,0.6,0.2,222,30,55,160,3,238,0.04,
250,data,good,2024-05-14 06:05,2024-05-14 08:05,120,20240429,192,67,0.3,0.3,0.6,0.2,205,30,55,160,3,238,0.04,
251,data,good,2024-05-14 08:05,2024-05-14 10:05,120,20240429,192,67,0.3,0.3,0.6,0.2,101,30,55,160,2,238,0.04,
252,data,good,2024-05-14 12:06,2024-05-14 14:06,119,20240429,192,67,0.3,0.3,0.6,0.2,405,30,55,160,5,238,0.04,
253,data,good,2024-05-14 14:07,2024-05-14 14:49,42,20240429,192,67,0.3,0.3,0.6,0.2,81,30,55,160,1,238,0.04,
254,ptrg,good,2024-05-14 14:55,2024-05-14 14:55,0,20240429,192,0,0.3,0.3,0.6,0.2,12882,30,55,160,140,-1,0.0,
255,cosmic,bad,2024-05-14 15:00,2024-05-14 16:30,90,20240429,192,67,0.01,0.01,0.01,0.2,210292,30,55,160,1456,254,0.0,
256,data,good,2024-05-14 16:48,2024-05-14 18:48,119,20240429,192,67,0.1,0.1,0.2,0.2,49349,30,55,160,534,254,0.04,
257,data,good,2024-05-14 18:48,2024-05-14 20:48,120,20240429,192,67,0.1,0.1,0.2,0.2,29208,30,55,160,316,254,0.04,
258,data,good,2024-05-14 20:49,2024-05-14 21:19,30,20240429,192,67,0.1,0.1,0.2,0.2,6580,30,55,160,72,254,0.04,
259,data,good,2024-05-14 21:20,2024-05-14 23:20,119,20240429,192,67,0.2,0.2,0.3,0.2,3882,30,55,160,42,254,0.04,
260,data,good,2024-05-14 23:20,2024-05-15 01:20,120,20240429,192,67,0.2,0.2,0.3,0.2,3966,30,55,160,43,254,0.04,
261,data,good,2024-05-15 01:21,2024-05-15 03:21,120,20240429,192,67,0.2,0.2,0.3,0.2,8315,30,55,160,90,254,0.04,
262,data,good,2024-05-15 03:21,2024-05-15 05:21,120,20240429,192,67,0.2,0.2,0.3,0.2,5935,30,55,160,65,254,0.04,
263,data,bad,2024-05-15 05:22,2024-05-15 07:22,119,20240429,192,67,0.2,0.2,0.3,0.2,4250,30,55,160,46,254,0.04,
264,data,good,2024-05-15 07:22,2024-05-15 09:22,120,20240429,192,67,0.2,0.2,0.3,0.2,1601,30,55,160,18,254,0.04,
265,ptrg,good,2024-05-15 15:19,2024-05-15 15:19,0,20240515,192,0,0.2,0.2,0.3,0.2,13472,30,55,160,146,-1,0.0,
266,cosmic,good,2024-05-15 15:21,2024-05-15 15:51,30,20240515,192,240,0.05,0.05,0.05,0.05,2298,30,55,160,9,265,0.0,board 0 and 1 stop taking data after about 80 events
267,cosmic,good,2024-05-15 15:53,2024-05-15 15:54,0,20240515,192,240,0.05,0.05,0.05,0.05,62,30,55,160,1,265,0.0,board 0 and 1 stop taking data after about 20 events
268,data,good,2024-05-15 16:01,2024-05-15 18:01,120,20240515,192,240,0.05,0.05,0.05,0.05,8827,30,55,160,38,265,0.04,
269,data,good,2024-05-15 18:02,2024-05-15 20:02,120,20240515,192,240,0.05,0.05,0.05,0.05,8804,30,55,160,32,265,0.04,
270,cosmic,good,2024-05-15 20:02,2024-05-15 21:32,90,20240515,192,240,0.05,0.05,0.05,0.05,24357,30,55,160,89,265,0.0,
271,cosmic,good,2024-05-15 21:34,2024-05-15 22:55,80,20240515,192,240,0.05,0.05,0.05,0.05,33363,30,55,160,361,265,0.0,tune beam
272,data,good,2024-05-15 22:56,2024-05-16 00:56,120,20240515,192,240,0.1,0.1,0.1,0.1,6337,30,55,160,69,265,0.04,
273,data,good,2024-05-16 00:56,2024-05-16 02:56,120,20240515,192,240,0.1,0.1,0.1,0.1,46,30,55,160,1,265,0.04,
274,data,good,2024-05-16 02:56,2024-05-16 04:56,119,20240515,192,240,0.1,0.1,0.1,0.1,46,30,55,160,1,265,0.04,
275,data,good,2024-05-16 04:57,2024-05-16 06:57,120,20240515,192,240,0.1,0.1,0.1,0.1,39,30,55,160,1,265,0.04,
276,data,good,2024-05-16 06:57,2024-05-16 08:57,120,20240515,192,240,0.1,0.1,0.1,0.1,42,30,55,160,1,265,0.04,
277,data,good,2024-05-16 09:01,2024-05-16 11:01,120,20240515,192,240,0.1,0.1,0.1,0.1,920,30,55,160,10,265,0.04,
278,data,good,2024-05-16 11:02,2024-05-16 13:02,120,20240515,192,240,0.1,0.1,0.1,0.1,4790,30,55,160,52,265,0.04,
279,data,good,2024-05-16 13:02,2024-05-16 15:02,119,20240515,192,240,0.1,0.1,0.1,0.1,8657,30,55,160,94,265,0.04,
280,data,good,2024-05-16 15:02,2024-05-16 16:23,80,20240515,192,240,0.1,0.1,0.1,0.1,9171,30,55,160,100,265,0.04,
281,data,good,2024-05-16 16:24,2024-05-16 18:24,120,20240515,192,240,0.3,0.3,0.3,0.1,3483,30,55,160,38,265,0.04,
282,data,good,2024-05-16 18:25,2024-05-16 20:25,120,20240515,192,240,0.3,0.3,0.3,0.1,1771,30,55,160,20,265,0.04,
283,data,good,2024-05-16 20:25,2024-05-16 21:30,65,20240515,192,240,0.3,0.3,0.3,0.1,8281,30,55,160,90,265,0.04,
284,ptrg,good,2024-05-16 21:30,2024-05-16 21:30,0,20240515,192,0,0.1,0.1,0.1,0.1,13066,30,55,160,142,-1,0.0,
285,data,good,2024-05-16 21:31,2024-05-16 23:31,119,20240515,192,240,0.3,0.3,0.3,0.2,319,30,55,160,4,284,0.04,
286,data,good,2024-05-16 23:31,2024-05-17 00:54,83,20240515,192,240,0.3,0.3,0.3,0.2,54671,30,55,160,222,284,0.04,
287,data,good,2024-05-17 00:56,2024-05-17 02:56,120,20240515,192,67,0.5,0.5,0.5,0.2,1181,30,55,160,13,284,0.04,
288,data,good,2024-05-17 02:56,2024-05-17 04:56,119,20240515,192,67,0.5,0.5,0.5,0.2,957,30,55,160,11,284,0.04,
289,data,good,2024-05-17 04:57,2024-05-17 06:57,120,20240515,192,67,0.5,0.5,0.5,0.2,819,30,55,160,9,284,0.04,
290,data,good,2024-05-17 06:57,2024-05-17 08:57,120,20240515,192,67,0.5,0.5,0.5,0.2,690,30,55,160,8,284,0.04,
291,data,good,2024-05-17 08:58,2024-05-17 10:10,71,20240515,192,67,0.5,0.5,0.5,0.2,393,30,55,160,5,284,0.04,
292,data,good,2024-05-17 10:11,2024-05-17 12:11,120,20240515,192,67,0.3,0.3,0.3,0.2,7901,30,55,160,86,284,0.04,
293,data,good,2024-05-17 12:12,2024-05-17 14:12,120,20240515,192,67,0.3,0.3,0.3,0.2,15668,30,55,160,170,284,0.04,
294,ptrg,good,2024-05-17 15:01,2024-05-17 15:01,0,20240515,192,0,0.3,0.3,0.3,0.2,14091,30,55,160,153,-1,0.0,
295,cosmic,good,2024-05-17 15:04,2024-05-17 16:11,67,20240515,192,112,0.03,0.03,0.03,0.2,2960,30,55,160,32,294,0.0,beam injection in the second half
296,data,good,2024-05-17 16:13,2024-05-17 18:09,116,20240515,192,67,0.3,0.3,0.3,0.2,47786,30,55,160,517,294,0.04,
297,data,good,2024-05-17 18:18,2024-05-17 20:18,119,20240515,192,240,0.01,0.01,0.01,0.01,9746,30,55,160,45,294,0.04,
298,data,good,2024-05-17 20:18,2024-05-17 22:18,120,20240515,192,240,0.01,0.01,0.01,0.01,7773,30,55,160,29,294,0.04,
299,cosmic,good,2024-05-17 22:19,2024-05-18 00:16,116,20240515,192,240,0.01,0.01,0.01,0.01,6679,30,55,160,25,294,0.0,
300,data,good,2024-05-18 00:24,2024-05-18 02:24,120,20240515,192,240,0.3,0.3,0.3,0.3,59912,30,55,160,242,294,0.04,
301,data,good,2024-05-18 02:24,2024-05-18 04:24,119,20240515,192,240,0.3,0.3,0.3,0.3,73742,30,55,160,266,294,0.04,
302,data,good,2024-05-18 04:25,2024-05-18 06:25,119,20240515,192,240,0.3,0.3,0.3,0.3,69267,30,55,160,250,294,0.04,
303,data,good,2024-05-18 06:25,2024-05-18 08:25,120,20240515,192,240,0.3,0.3,0.3,0.3,66078,30,55,160,239,294,0.04,
304,data,good,2024-05-18 08:26,2024-05-18 09:59,92,20240515,192,240,0.3,0.3,0.3,0.3,49078,30,55,160,178,294,0.04,
305,data,good,2024-05-18 10:15,2024-05-18 11:52,96,20240515,192,240,0.6,0.6,0.6,0.6,552,30,55,160,6,294,0.04,
306,data,good,2024-05-18 11:52,2024-05-18 13:52,120,20240515,192,240,0.3,0.3,0.3,0.3,14530,30,55,160,157,294,0.04,
307,data,good,2024-05-18 13:53,2024-05-18 15:24,90,20240515,192,240,0.3,0.3,0.3,0.3,45383,30,55,160,491,294,0.04,
308,data,good,2024-05-18 15:32,2024-05-18 17:32,120,20240515,192,67,0.4,0.4,0.4,0.4,4142,30,55,160,45,294,0.04,
309,ptrg,good,2024-05-18 17:51,2024-05-18 17:51,0,20240515,192,0,0.4,0.4,0.4,0.4,13085,30,55,160,142,-1,0.0,
310,data,good,2024-05-18 17:53,2024-05-18 19:53,120,20240515,192,67,0.01,0.01,0.01,0.4,1732,30,55,160,13,309,0.04,
311,cosmic,good,2024-05-18 19:53,2024-05-18 21:38,104,20240515,192,67,0.01,0.01,0.01,0.4,311522,30,55,160,3366,309,0.0,beam injection in last 10 mins
312,data,good,2024-05-18 21:40,2024-05-18 23:40,119,20240515,192,67,0.5,0.5,0.5,0.4,1422,30,55,160,16,309,0.6,
313,data,good,2024-05-18 23:40,2024-05-19 01:40,120,20240515,192,67,0.5,0.5,0.5,0.4,1184,30,55,160,13,309,0.6,
314,data,good,2024-05-19 01:41,2024-05-19 03:41,120,20240515,192,67,0.5,0.5,0.5,0.4,1018,30,55,160,12,309,0.6,
315,data,good,2024-05-19 03:41,2024-05-19 05:41,119,20240515,192,67,0.5,0.5,0.5,0.4,937,30,55,160,11,309,0.6,
316,data,bad,2024-05-19 05:41,2024-05-19 07:41,120,20240515,192,67,0.5,0.5,0.5,0.4,519,30,55,160,4,309,0.6,
317,ptrg,good,2024-05-19 12:07,2024-05-19 12:07,0,20240515,192,0,0.5,0.5,0.5,0.4,12883,30,55,160,140,-1,0.0,
318,data,good,2024-05-19 12:07,2024-05-19 13:07,59,20240515,192,112,0.02,0.02,0.02,0.4,1090,30,55,160,12,317,0.6,
319,data,good,2024-05-19 13:08,2024-05-19 14:08,59,20240515,192,112,0.02,0.02,0.02,0.4,2810,30,55,160,21,317,0.6,
320,data,good,2024-05-19 14:08,2024-05-19 15:08,60,20240515,192,112,0.02,0.02,0.02,0.4,1113630,30,55,160,12031,317,0.6,beam injeciton
321,data,bad,2024-05-19 15:09,2024-05-19 15:24,14,20240515,192,112,0.02,0.02,0.02,0.4,377476,30,55,160,4078,317,0.6,
322,data,good,2024-05-19 15:32,2024-05-19 16:32,59,20240515,192,67,0.5,0.5,0.5,0.4,640,30,55,160,7,317,0.6,
323,data,good,2024-05-19 16:33,2024-05-19 17:33,60,20240515,192,67,0.5,0.5,0.5,0.4,642,30,55,160,7,317,0.6,
324,data,good,2024-05-19 17:33,2024-05-19 18:33,59,20240515,192,67,0.5,0.5,0.5,0.4,526,30,55,160,6,317,0.6,
325,data,good,2024-05-19 18:34,2024-05-19 19:34,59,20240515,192,67,0.5,0.5,0.5,0.4,523,30,55,160,6,317,0.6,
326,data,good,2024-05-19 19:34,2024-05-19 20:34,60,20240515,192,67,0.5,0.5,0.5,0.4,514,30,55,160,6,317,0.6,
327,data,good,2024-05-19 20:34,2024-05-19 21:34,59,20240515,192,67,0.5,0.5,0.5,0.4,489,30,55,160,6,317,0.6,
328,data,good,2024-05-19 21:35,2024-05-19 22:35,59,20240515,192,67,0.5,0.5,0.5,0.4,440,30,55,160,5,317,0.6,
329,data,good,2024-05-19 22:35,2024-05-19 23:35,60,20240515,192,67,0.5,0.5,0.5,0.4,207,30,55,160,3,317,0.6,
330,data,good,2024-05-19 23:36,2024-05-20 00:36,59,20240515,192,67,0.5,0.5,0.5,0.4,883,30,55,160,10,317,0.6,
331,data,good,2024-05-20 00:36,2024-05-20 01:36,60,20240515,192,67,0.5,0.5,0.5,0.4,624,30,55,160,7,317,0.6,
332,data,good,2024-05-20 01:37,2024-05-20 02:37,59,20240515,192,67,0.5,0.5,0.5,0.4,583,30,55,160,7,317,0.6,
333,data,good,2024-05-20 02:37,2024-05-20 03:37,59,20240515,192,67,0.5,0.5,0.5,0.4,511,30,55,160,6,317,0.6,
334,data,good,2024-05-20 03:37,2024-05-20 04:37,60,20240515,192,67,0.5,0.5,0.5,0.4,511,30,55,160,6,317,0.6,
335,data,good,2024-05-20 04:38,2024-05-20 05:38,59,20240515,192,67,0.5,0.5,0.5,0.4,475,30,55,160,6,317,0.6,
336,data,good,2024-05-20 05:38,2024-05-20 06:38,59,20240515,192,67,0.5,0.5,0.5,0.4,437,30,55,160,5,317,0.6,
337,data,good,2024-05-20 06:39,2024-05-20 07:39,60,20240515,192,67,0.5,0.5,0.5,0.4,406,30,55,160,5,317,0.6,
338,data,good,2024-05-20 07:39,2024-05-20 08:39,59,20240515,192,67,0.5,0.5,0.5,0.4,387,30,55,160,5,317,0.6,
339,data,good,2024-05-20 08:40,2024-05-20 09:40,60,20240515,192,67,0.5,0.5,0.5,0.4,400,30,55,160,5,317,0.6,
340,data,good,2024-05-20 09:40,2024-05-20 10:40,59,20240515,192,67,0.5,0.5,0.5,0.4,118,30,55,160,2,317,0.6,
341,ptrg,good,2024-05-20 10:54,2024-05-20 10:54,0,20240515,192,0,0.5,0.5,0.5,0.4,13485,30,55,160,146,-1,0.0,
342,cosmic,good,2024-05-20 11:56,2024-05-20 12:56,59,20240515,192,112,0.03,0.03,0.03,0.4,425,30,55,160,5,341,0.6,
343,cosmic,good,2024-05-20 12:57,2024-05-20 13:57,59,20240515,192,112,0.03,0.03,0.03,0.4,417,30,55,160,5,341,0.6,
344,cosmic,good,2024-05-20 14:58,2024-05-20 15:58,59,20240515,192,112,0.03,0.03,0.03,0.4,430,30,55,160,4,341,0.6,
345,cosmic,good,2024-05-20 15:58,2024-05-20 16:34,35,20240515,192,112,0.03,0.03,0.03,0.4,249,30,55,160,3,341,0.6,
346,data,good,2024-05-21 00:13,2024-05-21 01:13,59,20240515,192,67,0.4,0.4,0.4,0.4,1920,30,55,160,21,341,0.6,
347,data,good,2024-05-21 01:14,2024-05-21 02:14,59,20240515,192,67,0.4,0.4,0.4,0.4,1699,30,55,160,19,341,0.6,
348,data,good,2024-05-21 02:14,2024-05-21 03:14,59,20240515,192,67,0.4,0.4,0.4,0.4,685,30,55,160,8,341,0.6,
349,data,bad,2024-05-21 03:14,2024-05-21 04:14,60,20240515,192,67,0.4,0.4,0.4,0.4,51,30,55,160,1,341,0.6,
350,ptrg,good,2024-05-21 10:56,2024-05-21 10:56,0,20240515,192,0,0.4,0.4,0.4,0.4,13286,30,55,160,144,-1,0.0,
351,data,good,2024-05-21 10:58,2024-05-21 11:58,60,20240515,192,112,0.02,0.02,0.02,0.4,988,30,55,160,9,350,0.6,
352,cosmic,good,2024-05-21 11:58,2024-05-21 12:58,59,20240515,192,112,0.02,0.02,0.02,0.4,993,30,55,160,6,350,0.6,
353,cosmic,good,2024-05-21 12:59,2024-05-21 13:59,60,20240515,192,112,0.02,0.02,0.02,0.4,955,30,55,160,11,350,0.6,
354,cosmic,good,2024-05-21 13:59,2024-05-21 14:59,59,20240515,192,112,0.02,0.02,0.02,0.4,951,30,55,160,9,350,0.6,
355,cosmic,good,2024-05-21 15:00,2024-05-21 16:00,59,20240515,192,112,0.02,0.02,0.02,0.4,918,30,55,160,8,350,0.6,
356,cosmic,good,2024-05-21 16:00,2024-05-21 17:00,60,20240515,192,112,0.02,0.02,0.02,0.4,965,30,55,160,6,350,0.6,
357,cosmic,good,2024-05-21 17:01,2024-05-21 18:01,59,20240515,192,112,0.02,0.02,0.02,0.4,948,30,55,160,7,350,0.6,
358,cosmic,good,2024-05-21 18:01,2024-05-21 18:10,9,20240515,192,112,0.02,0.02,0.02,0.4,2265,30,55,160,25,350,0.6,
359,data,good,2024-05-21 18:14,2024-05-21 19:14,60,20240515,192,112,0.5,0.5,0.5,0.4,400,30,55,160,4,350,0.6,beam injection
360,data,good,2024-05-21 19:44,2024-05-21 20:44,60,20240515,192,112,0.5,0.5,0.5,0.4,5690,30,55,160,62,350,0.6,
361,data,good,2024-05-21 20:44,2024-05-21 21:44,59,20240515,192,112,0.5,0.5,0.5,0.4,15235,30,55,160,165,350,0.6,
362,data,good,2024-05-21 21:45,2024-05-21 22:45,59,20240515,192,112,0.5,0.5,0.5,0.4,12430,30,55,160,135,350,0.6,
363,data,good,2024-05-21 22:45,2024-05-21 23:45,60,20240515,192,112,0.5,0.5,0.5,0.4,11095,30,55,160,120,350,0.6,
364,data,good,2024-05-21 23:46,2024-05-22 00:46,59,20240515,192,112,0.5,0.5,0.5,0.4,10288,30,55,160,112,350,0.6,
365,data,good,2024-05-22 00:46,2024-05-22 01:46,59,20240515,192,112,0.5,0.5,0.5,0.4,9552,30,55,160,104,350,0.6,
366,data,good,2024-05-22 01:46,2024-05-22 02:46,60,20240515,192,112,0.5,0.5,0.5,0.4,8995,30,55,160,98,350,0.6,
367,data,good,2024-05-22 02:47,2024-05-22 03:47,59,20240515,192,112,0.5,0.5,0.5,0.4,8472,30,55,160,92,350,0.6,
368,data,good,2024-05-22 03:47,2024-05-22 04:47,60,20240515,192,112,0.5,0.5,0.5,0.4,7953,30,55,160,86,350,0.6,
369,data,good,2024-05-22 04:48,2024-05-22 05:48,59,20240515,192,112,0.5,0.5,0.5,0.4,7774,30,55,160,84,350,0.6,
370,data,good,2024-05-22 05:48,2024-05-22 06:48,59,20240515,192,112,0.5,0.5,0.5,0.4,7319,30,55,160,80,350,0.6,
371,data,good,2024-05-22 06:48,2024-05-22 07:48,60,20240515,192,112,0.5,0.5,0.5,0.4,6684,30,55,160,73,350,0.6,
372,ptrg,good,2024-05-22 10:42,2024-05-22 10:42,0,20240515,192,0,0.5,0.5,0.5,0.4,12079,30,55,160,131,-1,0.0,
373,ptrg,good,2024-05-22 10:45,2024-05-22 10:45,0,20240515,192,112,0.02,0.02,0.02,0.4,3619,30,55,160,40,372,0.6,
374,cosmic,good,2024-05-22 10:46,2024-05-22 11:05,19,20240515,192,112,0.02,0.02,0.02,0.4,358,30,55,160,3,372,0.6,
375,cosmic,good,2024-05-22 11:05,2024-05-22 11:12,7,20240515,192,112,0.02,0.02,0.02,0.4,115,30,55,160,2,372,0.6,
376,cosmic,good,2024-05-22 11:15,2024-05-22 12:15,59,20240515,192,112,0.02,0.02,0.02,0.4,1122,30,55,160,13,372,0.6,
377,cosmic,good,2024-05-22 12:16,2024-05-22 13:16,60,20240515,192,112,0.02,0.02,0.02,0.4,1035,30,55,160,10,372,0.6,
378,cosmic,good,2024-05-22 13:16,2024-05-22 13:53,36,20240515,192,112,0.02,0.02,0.02,0.4,607,30,55,160,5,372,0.6,
379,cosmic,good,2024-05-22 14:39,2024-05-22 15:12,33,20240515,192,112,0.02,0.02,0.02,0.4,531,30,55,160,4,372,0.6,
380,cosmic,good,2024-05-22 15:13,2024-05-22 16:13,59,20240515,192,112,0.02,0.02,0.02,0.4,956,30,55,160,11,372,0.6,
381,cosmic,good,2024-05-22 16:13,2024-05-22 17:13,60,20240515,192,112,0.02,0.02,0.02,0.4,970,30,55,160,11,372,0.6,
382,cosmic,good,2024-05-22 17:14,2024-05-22 18:14,59,20240515,192,112,0.02,0.02,0.02,0.4,915,30,55,160,8,372,0.6,
383,cosmic,good,2024-05-22 18:14,2024-05-22 19:14,60,20240515,192,112,0.02,0.02,0.02,0.4,917,30,55,160,10,372,0.6,
384,cosmic,good,2024-05-22 19:15,2024-05-22 19:26,11,20240515,192,112,0.02,0.02,0.02,0.4,187,30,55,160,3,372,0.6,
385,data,good,2024-05-22 22:36,2024-05-22 23:36,59,20240515,192,7,0.03,0.03,0.03,0.4,2525,30,55,160,28,372,0.6,
386,data,good,2024-05-22 23:36,2024-05-23 00:36,59,20240515,192,7,0.03,0.03,0.03,0.4,2284,30,55,160,25,372,0.6,
387,data,good,2024-05-23 00:36,2024-05-23 01:36,60,20240515,192,7,0.03,0.03,0.03,0.4,2152,30,55,160,24,372,0.6,
388,ptrg,good,2024-05-23 10:43,2024-05-23 10:43,0,20240515,192,0,0.03,0.03,0.03,0.4,22535,30,55,160,244,-1,0.0,
389,data,good,2024-05-23 10:44,2024-05-23 12:14,90,20240515,192,112,0.03,0.03,0.03,0.4,1670,30,55,160,18,388,0.6,
390,data,good,2024-05-23 12:15,2024-05-23 13:45,90,20240515,192,112,0.03,0.03,0.03,0.4,1587,30,55,160,18,388,0.6,
391,cosmic,good,2024-05-23 13:45,2024-05-23 15:15,90,20240515,192,112,0.03,0.03,0.03,0.4,2391,30,55,160,17,388,0.0,
392,cosmic,good,2024-05-23 15:16,2024-05-23 15:33,17,20240515,192,112,0.03,0.03,0.03,0.4,29260,30,55,160,317,388,0.0,
393,data,good,2024-05-23 15:35,2024-05-23 17:00,85,20240515,192,7,0.03,0.03,0.02,0.4,14020,30,55,160,152,388,0.6,
394,data,good,2024-05-23 17:00,2024-05-23 18:30,90,20240515,192,7,0.03,0.03,0.01,0.4,4409,30,55,160,48,388,0.6,
395,cosmic,good,2024-05-23 18:38,2024-05-23 20:05,87,20240515,192,112,0.02,0.02,0.02,0.4,1729,30,55,160,17,388,0.6,
396,cosmic,good,2024-05-23 20:05,2024-05-23 20:44,39,20240515,192,112,0.02,0.02,0.02,0.4,662,30,55,160,7,388,0.6,
397,cosmic,good,2024-05-23 20:48,2024-05-23 21:57,68,20240515,192,112,0.02,0.02,0.02,0.4,1151,30,55,160,13,388,0.6,
398,data,good,2024-05-23 21:58,2024-05-23 23:28,90,20240515,192,7,0.02,0.02,0.02,0.4,4164,30,55,160,45,388,0.6,
399,data,good,2024-05-23 23:28,2024-05-24 00:58,90,20240515,192,7,0.02,0.02,0.02,0.4,17711,30,55,160,192,388,0.6,
400,data,good,2024-05-24 00:59,2024-05-24 02:29,90,20240515,192,7,0.02,0.02,0.02,0.4,13010,30,55,160,141,388,0.6,
401,data,good,2024-05-24 02:29,2024-05-24 03:59,90,20240515,192,7,0.02,0.02,0.02,0.4,11967,30,55,160,130,388,0.6,
402,data,good,2024-05-24 04:00,2024-05-24 05:30,90,20240515,192,7,0.02,0.02,0.02,0.4,11045,30,55,160,120,388,0.6,
403,data,good,2024-05-24 05:30,2024-05-24 07:00,90,20240515,192,7,0.02,0.02,0.02,0.4,10285,30,55,160,112,388,0.6,
404,data,good,2024-05-24 07:00,2024-05-24 08:30,90,20240515,192,7,0.02,0.02,0.02,0.4,4905,30,55,160,53,388,0.6,
405,data,good,2024-05-24 08:31,2024-05-24 10:01,90,20240515,192,7,0.02,0.02,0.02,0.4,278,30,55,160,4,388,0.6,
406,data,good,2024-05-24 10:01,2024-05-24 10:40,39,20240515,192,7,0.02,0.02,0.02,0.4,93,30,55,160,2,388,0.6,
407,ptrg,good,2024-05-24 10:42,2024-05-24 10:42,0,20240515,192,0,0.02,0.02,0.02,0.4,13091,30,55,160,142,-1,0.0,
408,cosmic,good,2024-05-24 10:42,2024-05-24 12:12,90,20240515,192,112,0.02,0.02,0.02,0.4,14910,30,55,160,152,407,0.6,
409,cosmic,good,2024-05-24 12:13,2024-05-24 13:43,90,20240515,192,112,0.02,0.02,0.02,0.4,56930,30,55,160,433,407,0.6,
410,data,good,2024-05-24 15:00,2024-05-24 16:30,90,20240515,192,112,0.02,0.02,0.02,0.4,12895,30,55,160,140,407,0.6,
411,data,good,2024-05-24 16:31,2024-05-24 18:01,90,20240515,192,112,0.02,0.02,0.02,0.4,11297,30,55,160,123,407,0.6,
412,data,good,2024-05-24 18:36,2024-05-24 20:03,87,20240515,192,112,0.4,0.4,0.4,0.4,23816,30,55,160,258,407,0.6,
413,data,good,2024-05-24 20:07,2024-05-24 21:37,90,20240515,192,7,0.03,0.03,0.03,0.4,2344,30,55,160,26,407,0.6,
414,data,good,2024-05-24 21:44,2024-05-24 23:14,90,20240515,192,7,0.03,0.03,0.03,0.4,1729,30,55,160,19,407,0.6,
415,data,good,2024-05-24 23:27,2024-05-25 00:57,90,20240515,192,7,0.03,0.03,0.03,0.4,3460,30,55,160,38,407,0.6,
416,data,good,2024-05-25 00:58,2024-05-25 02:28,90,20240515,192,7,0.03,0.03,0.03,0.4,3430,30,55,160,38,407,0.6,
417,data,good,2024-05-25 02:28,2024-05-25 03:58,90,20240515,192,7,0.03,0.03,0.03,0.4,3105,30,55,160,34,407,0.6,
418,data,good,2024-05-25 03:59,2024-05-25 05:29,90,20240515,192,7,0.03,0.03,0.03,0.4,2772,30,55,160,30,407,0.6,
419,data,good,2024-05-25 05:29,2024-05-25 06:59,90,20240515,192,7,0.03,0.03,0.03,0.4,2587,30,55,160,28,407,0.6,
420,data,good,2024-05-25 06:59,2024-05-25 08:29,90,20240515,192,7,0.03,0.03,0.03,0.4,2483,30,55,160,27,407,0.6,
421,data,good,2024-05-25 08:30,2024-05-25 10:00,90,20240515,192,7,0.03,0.03,0.03,0.4,601,30,55,160,7,407,0.6,
422,data,good,2024-05-25 10:00,2024-05-25 11:30,90,20240515,192,7,0.03,0.03,0.03,0.4,7326,30,55,160,80,407,0.6,
423,data,good,2024-05-25 11:31,2024-05-25 13:01,90,20240515,192,7,0.03,0.03,0.03,0.4,4850,30,55,160,53,407,0.6,
424,data,good,2024-05-25 13:01,2024-05-25 14:31,90,20240515,192,7,0.03,0.03,0.03,0.4,4041,30,55,160,44,407,0.6,
425,data,good,2024-05-25 14:31,2024-05-25 16:01,90,20240515,192,7,0.03,0.03,0.03,0.4,3772,30,55,160,41,407,0.6,
426,data,good,2024-05-25 16:02,2024-05-25 17:32,90,20240515,192,7,0.03,0.03,0.03,0.4,3340,30,55,160,37,407,0.6,
427,data,good,2024-05-25 17:32,2024-05-25 18:37,64,20240515,192,7,0.03,0.03,0.03,0.4,2180,30,55,160,24,407,0.6,
428,ptrg,good,2024-05-25 18:38,2024-05-25 18:38,0,20240515,192,0,0.03,0.03,0.03,0.4,14902,30,55,160,161,-1,0.0,
429,cosmic,good,2024-05-25 18:39,2024-05-25 18:56,17,20240515,192,112,0.03,0.03,0.03,0.4,157,30,55,160,2,428,0.6,
430,data,good,2024-05-25 18:57,2024-05-25 20:27,90,20240515,192,7,0.1,0.1,0.03,0.4,666,30,55,160,8,428,0.6,
431,data,good,2024-05-25 20:27,2024-05-25 21:57,90,20240515,192,7,0.1,0.1,0.03,0.4,668,30,55,160,8,428,0.6,
432,data,good,2024-05-25 21:58,2024-05-25 23:28,90,20240515,192,7,0.1,0.1,0.03,0.4,552,30,55,160,6,428,0.6,
433,data,good,2024-05-25 23:28,2024-05-26 00:58,90,20240515,192,7,0.1,0.1,0.03,0.4,481,30,55,160,6,428,0.6,
434,data,good,2024-05-26 00:58,2024-05-26 02:28,90,20240515,192,7,0.1,0.1,0.03,0.4,378,30,55,160,5,428,0.6,
435,data,good,2024-05-26 02:29,2024-05-26 03:59,90,20240515,192,7,0.1,0.1,0.03,0.4,331,30,55,160,4,428,0.6,
436,data,good,2024-05-26 03:59,2024-05-26 05:29,90,20240515,192,7,0.1,0.1,0.03,0.4,346,30,55,160,4,428,0.6,
437,data,bad,2024-05-26 05:30,2024-05-26 07:00,90,20240515,192,7,0.1,0.1,0.03,0.4,1001,30,55,160,4,428,0.6,CAEN unit 1 and 3 HV off
438,data,bad,2024-05-26 07:00,2024-05-26 08:30,90,20240515,192,7,0.1,0.1,0.03,0.4,632,30,55,160,3,428,0.6,CAEN unit 1 and 3 HV off
439,data,bad,2024-05-26 08:30,2024-05-26 10:00,90,20240515,192,7,0.1,0.1,0.03,0.4,569,30,55,160,3,428,0.6,CAEN unit 1 and 3 HV off
440,data,good,2024-05-26 11:45,2024-05-26 13:15,90,20240515,192,7,0.1,0.1,0.03,0.4,460,30,55,160,5,428,0.6,
441,data,good,2024-05-26 13:15,2024-05-26 14:45,90,20240515,192,7,0.1,0.1,0.03,0.4,331,30,55,160,4,428,0.6,
442,data,good,2024-05-26 14:46,2024-05-26 16:16,90,20240515,192,7,0.1,0.1,0.03,0.4,548,30,55,160,3,428,0.6,CAEN unit 1 and 3 HV off
443,ptrg,good,2024-05-26 17:03,2024-05-26 17:03,0,20240515,192,0,0.1,0.1,0.03,0.4,14289,30,55,160,155,-1,0.0,
444,data,good,2024-05-26 17:03,2024-05-26 18:33,89,20240515,192,7,0.08,0.08,0.03,0.4,965,30,55,160,11,443,0.6,
445,data,good,2024-05-26 18:34,2024-05-26 20:04,89,20240515,192,7,0.08,0.08,0.03,0.4,813,30,55,160,9,443,0.6,
446,data,good,2024-05-26 20:04,2024-05-26 21:34,89,20240515,192,7,0.08,0.08,0.03,0.4,709,30,55,160,8,443,0.6,
447,data,good,2024-05-26 21:35,2024-05-26 23:05,89,20240515,192,7,0.08,0.08,0.03,0.4,712,30,55,160,8,443,0.6,
448,data,good,2024-05-26 23:05,2024-05-27 00:35,74,20240515,192,7,0.08,0.08,0.03,0.4,494,30,55,160,6,443,0.6,
449,data,good,2024-05-27 00:35,2024-05-27 01:18,33,20240515,192,7,0.08,0.08,0.03,0.4,255,30,55,160,3,443,0.6,
450,data,good,2024-05-27 01:25,2024-05-27 02:55,89,20240515,192,7,0.09,0.09,0.03,0.4,1429,30,55,160,16,443,0.6,
451,data,good,2024-05-27 02:55,2024-05-27 04:25,89,20240515,192,7,0.09,0.09,0.03,0.4,885,30,55,160,10,443,0.6,
452,data,good,2024-05-27 04:26,2024-05-27 05:56,89,20240515,192,7,0.09,0.09,0.03,0.4,812,30,55,160,9,443,0.6,
453,data,good,2024-05-27 05:56,2024-05-27 07:26,89,20240515,192,7,0.09,0.09,0.03,0.4,739,30,55,160,8,443,0.6,
454,data,good,2024-05-27 07:27,2024-05-27 08:57,89,20240515,192,7,0.09,0.09,0.03,0.4,675,30,55,160,8,443,0.6,
455,data,good,2024-05-27 08:57,2024-05-27 10:27,89,20240515,192,7,0.09,0.09,0.03,0.4,435,30,55,160,5,443,0.6,
456,data,good,2024-05-27 10:28,2024-05-27 11:34,10,20240515,192,7,0.09,0.09,0.03,0.4,299,30,55,160,3,443,0.6,CAEN unit 1 and 3 HV off
457,ptrg,good,2024-05-27 11:37,2024-05-27 11:37,0,20240515,192,0,0.09,0.09,0.03,0.4,13297,30,55,160,144,-1,0.0,
458,data,good,2024-05-27 11:54,2024-05-27 13:24,20,20240515,192,7,0.08,0.08,0.08,0.4,1245,30,55,160,6,457,0.6,
459,data,good,2024-05-27 13:24,2024-05-27 14:54,0,20240515,192,7,0.08,0.08,0.08,0.4,968,30,55,160,4,457,0.6,
460,cosmic,good,2024-05-27 16:40,2024-05-27 18:10,89,20240515,192,112,0.03,0.03,0.03,0.4,841,30,55,160,10,457,0.6,
461,data,good,2024-05-27 18:13,2024-05-27 19:43,48,20240515,192,7,0.09,0.09,0.03,0.4,717,30,55,160,5,457,0.6,
462,data,good,2024-05-27 19:44,2024-05-27 21:14,0,20240515,192,7,0.09,0.09,0.03,0.4,714,30,55,160,3,457,0.6,
463,data,good,2024-05-27 22:19,2024-05-27 23:49,88,20240515,192,7,0.09,0.09,0.03,0.4,482,30,55,160,6,457,0.6,
464,data,good,2024-05-27 23:50,2024-05-28 01:20,89,20240515,192,7,0.09,0.09,0.03,0.4,435,30,55,160,5,457,0.6,
465,data,good,2024-05-28 01:20,2024-05-28 02:50,89,20240515,192,7,0.09,0.09,0.03,0.4,440,30,55,160,5,457,0.6,
466,data,good,2024-05-28 02:50,2024-05-28 04:20,89,20240515,192,7,0.09,0.09,0.03,0.4,357,30,55,160,4,457,0.6,
467,data,good,2024-05-28 05:51,2024-05-28 07:21,88,20240515,192,7,0.09,0.09,0.03,0.4,314,30,55,160,4,457,0.6,
468,data,good,2024-05-28 07:22,2024-05-28 08:52,89,20240515,192,7,0.09,0.09,0.03,0.4,286,30,55,160,4,457,0.6,
469,data,good,2024-05-28 08:52,2024-05-28 10:22,89,20240515,192,7,0.09,0.09,0.03,0.4,264,30,55,160,3,457,0.6,
470,data,good,2024-05-28 10:22,2024-05-28 11:52,89,20240515,192,7,0.09,0.09,0.03,0.4,286,30,55,160,4,457,0.6,
471,data,good,2024-05-28 11:53,2024-05-28 13:23,89,20240515,192,7,0.09,0.09,0.03,0.4,280,30,55,160,4,457,0.6,
472,data,good,2024-05-28 13:23,2024-05-28 14:53,89,20240515,192,7,0.09,0.09,0.03,0.4,256,30,55,160,3,457,0.6,
473,data,good,2024-05-28 14:54,2024-05-28 15:31,37,20240515,192,7,0.09,0.09,0.03,0.4,107,30,55,160,2,457,0.6,
474,ptrg,good,2024-05-28 15:32,2024-05-28 15:32,0,20240515,192,0,0.09,0.09,0.03,0.4,15105,30,55,160,164,-1,0.0,
475,data,good,2024-05-28 15:35,2024-05-28 17:05,89,20240515,192,7,0.03,0.03,0.02,0.4,2988,30,55,160,33,474,0.6,
476,data,good,2024-05-28 17:05,2024-05-28 18:35,68,20240515,192,7,0.03,0.03,0.02,0.4,2216,30,55,160,24,474,0.6,
477,data,good,2024-05-28 18:36,2024-05-28 20:06,89,20240515,192,7,0.03,0.03,0.02,0.4,1034,30,55,160,12,474,0.6,
478,data,bad,2024-05-28 20:06,2024-05-28 21:36,89,20240515,192,7,0.03,0.03,0.02,0.4,492,30,55,160,4,474,0.6,
479,data,good,2024-05-28 21:37,2024-05-28 23:07,81,20240515,192,7,0.03,0.03,0.02,0.4,7586,30,55,160,82,474,0.6,
480,data,good,2024-05-28 23:21,2024-05-29 00:51,89,20240515,192,7,0.03,0.03,0.02,0.4,636,30,55,160,7,474,0.6,
481,data,good,2024-05-29 00:51,2024-05-29 02:21,90,20240515,192,7,0.03,0.03,0.02,0.4,9730,30,55,160,106,474,0.6,
482,data,good,2024-05-29 02:22,2024-05-29 03:52,89,20240515,192,7,0.03,0.03,0.02,0.4,7581,30,55,160,82,474,0.6,
483,data,bad,2024-05-29 03:52,2024-05-29 05:22,0,20240515,192,7,0.03,0.03,0.02,0.4,629,30,55,160,3,474,0.6,
484,ptrg,good,2024-05-29 10:18,2024-05-29 10:19,0,20240515,192,0,0.03,0.03,0.02,0.4,13083,30,55,160,142,-1,0.0,
485,cosmic,good,2024-05-29 10:19,2024-05-29 11:49,89,20240515,192,112,0.03,0.03,0.02,0.4,692,30,55,160,8,484,0.6,
486,cosmic,good,2024-05-29 11:49,2024-05-29 13:19,90,20240515,192,112,0.03,0.03,0.02,0.4,42526,30,55,160,460,484,0.6,beam development
487,data,good,2024-05-29 13:20,2024-05-29 13:35,15,20240515,192,112,0.03,0.03,0.02,0.4,22753,30,55,160,246,484,0.6,
488,data,good,2024-05-29 13:41,2024-05-29 15:11,76,20240515,192,7,0.02,0.02,0.02,0.4,1696,30,55,160,19,484,0.6,
489,data,good,2024-05-29 18:29,2024-05-29 19:59,90,20240515,192,7,0.02,0.02,0.02,0.4,22492,30,55,160,243,484,0.6,
490,data,good,2024-05-29 19:59,2024-05-29 21:21,81,20240515,192,7,0.02,0.02,0.02,0.4,15842,30,55,160,172,484,0.6,
491,data,good,2024-05-29 21:21,2024-05-29 22:51,89,20240515,192,7,0.03,0.03,0.03,0.4,4419,30,55,160,48,484,0.6,
492,data,good,2024-05-29 22:51,2024-05-30 00:21,89,20240515,192,7,0.03,0.03,0.03,0.4,4105,30,55,160,45,484,0.6,
493,data,good,2024-05-30 00:55,2024-05-30 02:25,89,20240515,192,7,0.03,0.03,0.03,0.4,3687,30,55,160,40,484,0.6,
494,data,good,2024-05-30 02:25,2024-05-30 03:55,59,20240515,192,7,0.03,0.03,0.03,0.4,2307,30,55,160,25,484,0.6,
495,data,good,2024-05-30 04:05,2024-05-30 05:35,89,20240515,192,7,0.03,0.03,0.03,0.4,4497,30,55,160,49,484,0.6,
496,data,bad,2024-05-30 05:35,2024-05-30 07:05,6,20240515,192,7,0.03,0.03,0.03,0.4,611,30,55,160,5,484,0.6,
497,data,good,2024-05-30 12:12,2024-05-30 13:42,76,20240515,192,7,0.03,0.03,0.03,0.4,3307,30,55,160,36,484,0.6,
498,ptrg,good,2024-05-30 14:31,2024-05-30 14:32,0,20240515,192,0,0.03,0.03,0.03,0.4,13472,30,55,160,146,-1,0.0,
499,cosmic,good,2024-05-30 14:34,2024-05-30 16:04,89,20240515,192,112,0.03,0.03,0.03,0.4,717,30,55,160,8,498,0.6,
500,data,good,2024-05-31 01:06,2024-05-31 02:36,71,20240515,192,7,0.03,0.03,0.03,0.4,954,30,55,160,11,498,0.6,
501,data,good,2024-05-31 02:37,2024-05-31 04:07,52,20240515,192,7,0.03,0.03,0.03,0.4,388,30,55,160,5,498,0.6,
502,data,good,2024-05-31 04:07,2024-05-31 05:37,79,20240515,192,7,0.03,0.03,0.03,0.4,318,30,55,160,4,498,0.6,
503,data,good,2024-05-31 05:37,2024-05-31 07:07,89,20240515,192,7,0.03,0.03,0.03,0.4,99,30,55,160,2,498,0.6,
504,data,good,2024-05-31 07:08,2024-05-31 08:38,89,20240515,192,7,0.03,0.03,0.03,0.4,2021,30,55,160,22,498,0.6,
505,data,good,2024-05-31 08:38,2024-05-31 10:08,54,20240515,192,7,0.03,0.03,0.03,0.4,1677,30,55,160,19,498,0.6,
506,data,good,2024-05-31 10:09,2024-05-31 11:10,55,20240515,192,7,0.03,0.03,0.03,0.4,274,30,55,160,3,498,0.6,
507,ptrg,good,2024-05-31 11:13,2024-05-31 11:13,0,20240515,192,0,0.03,0.03,0.03,0.4,13267,30,55,160,144,-1,0.0,
508,cosmic,good,2024-05-31 11:29,2024-05-31 12:59,89,20240515,192,112,0.02,0.02,0.02,0.4,205393,30,55,160,2219,507,0.6,
509,cosmic,good,2024-05-31 12:59,2024-05-31 13:25,25,20240515,192,112,0.02,0.02,0.02,0.4,2139,30,55,160,24,507,0.6,
510,data,good,2024-05-31 13:26,2024-05-31 14:56,88,20240515,192,7,0.02,0.02,0.02,0.4,503,30,55,160,6,507,0.6,
511,data,good,2024-05-31 14:56,2024-05-31 16:26,90,20240515,192,7,0.02,0.02,0.02,0.4,2488,30,55,160,27,507,0.6,
512,data,good,2024-05-31 16:27,2024-05-31 17:57,90,20240515,192,7,0.02,0.02,0.02,0.4,2622,30,55,160,29,507,0.6,
513,data,good,2024-05-31 17:57,2024-05-31 19:27,39,20240515,192,7,0.02,0.02,0.02,0.4,3821,30,55,160,42,507,0.6,
514,ptrg,good,2024-06-01 09:37,2024-06-01 09:37,0,20240515,192,0,0.02,0.02,0.02,0.4,13065,30,55,160,142,-1,0.0,
515,cosmic,good,2024-06-01 09:39,2024-06-01 11:09,89,20240515,192,112,0.02,0.02,0.02,0.4,503,30,55,160,6,514,0.6,
516,cosmic,good,2024-06-01 11:10,2024-06-01 12:40,90,20240515,192,112,0.02,0.02,0.02,0.4,591098,30,55,160,6386,514,0.6,with beam injection
517,data,good,2024-06-01 13:37,2024-06-01 15:07,89,20240515,192,7,0.03,0.03,0.03,0.4,2278,30,55,160,25,514,0.6,
518,data,good,2024-06-01 15:07,2024-06-01 16:37,89,20240515,192,7,0.03,0.03,0.03,0.4,1897,30,55,160,21,514,0.6,
519,data,good,2024-06-01 16:37,2024-06-01 18:07,89,20240515,192,7,0.03,0.03,0.03,0.4,1683,30,55,160,19,514,0.6,
520,data,good,2024-06-01 18:08,2024-06-01 19:38,74,20240515,192,7,0.03,0.03,0.03,0.4,1289,30,55,160,14,514,0.6,
521,data,good,2024-06-01 21:09,2024-06-01 22:39,87,20240515,192,7,0.03,0.03,0.03,0.4,332,30,55,160,4,514,0.6,
522,data,good,2024-06-01 22:39,2024-06-02 00:09,89,20240515,192,7,0.03,0.03,0.03,0.4,1649,30,55,160,18,514,0.6,
523,data,good,2024-06-02 00:10,2024-06-02 01:40,89,20240515,192,7,0.03,0.03,0.03,0.4,3080,30,55,160,34,514,0.6,
524,data,good,2024-06-02 01:40,2024-06-02 03:10,89,20240515,192,7,0.03,0.03,0.03,0.4,2313,30,55,160,25,514,0.6,
525,data,good,2024-06-02 03:10,2024-06-02 04:40,89,20240515,192,7,0.03,0.03,0.03,0.4,2021,30,55,160,22,514,0.6,
526,data,good,2024-06-02 04:41,2024-06-02 06:11,90,20240515,192,7,0.03,0.03,0.03,0.4,1814,30,55,160,20,514,0.6,
527,data,good,2024-06-02 06:11,2024-06-02 07:41,89,20240515,192,7,0.03,0.03,0.03,0.4,1516,30,55,160,17,514,0.6,
528,data,good,2024-06-02 07:42,2024-06-02 09:12,89,20240515,192,7,0.03,0.03,0.03,0.4,3584,30,55,160,39,514,0.6,
529,ptrg,good,2024-06-02 11:14,2024-06-02 11:14,0,20240515,192,0,0.03,0.03,0.03,0.4,13280,30,55,160,144,-1,0.0,
530,data,good,2024-06-02 11:14,2024-06-02 12:44,45,20240515,192,7,0.03,0.03,0.03,0.4,1034,30,55,160,12,529,0.6,
531,data,good,2024-06-02 12:44,2024-06-02 14:14,89,20240515,192,7,0.03,0.03,0.03,0.4,2378,30,55,160,26,529,0.6,
532,data,good,2024-06-02 14:15,2024-06-02 15:45,89,20240515,192,7,0.03,0.03,0.03,0.4,3351,30,55,160,37,529,0.6,
533,data,good,2024-06-02 15:45,2024-06-02 17:15,89,20240515,192,7,0.03,0.03,0.03,0.4,2599,30,55,160,29,529,0.6,
534,data,bad,2024-06-02 17:16,2024-06-02 17:43,0,20240515,192,7,0.03,0.03,0.03,0.4,539,30,55,160,2,529,0.6,
535,data,good,2024-06-02 17:47,2024-06-02 19:17,89,20240515,192,7,0.03,0.03,0.03,0.4,2185,30,55,160,24,529,0.6,
536,data,good,2024-06-02 19:17,2024-06-02 20:47,89,20240515,192,7,0.03,0.03,0.03,0.4,1306,30,55,160,15,529,0.6,
537,data,good,2024-06-02 20:48,2024-06-02 22:18,90,20240515,192,7,0.03,0.03,0.03,0.4,3136,30,55,160,34,529,0.6,
538,data,good,2024-06-02 22:18,2024-06-02 23:48,89,20240515,192,7,0.03,0.03,0.03,0.4,2958,30,55,160,32,529,0.6,
539,data,good,2024-06-02 23:48,2024-06-03 01:18,89,20240515,192,7,0.03,0.03,0.03,0.4,2437,30,55,160,27,529,0.6,
540,data,good,2024-06-03 01:19,2024-06-03 02:49,89,20240515,192,7,0.03,0.03,0.03,0.4,2079,30,55,160,23,529,0.6,
541,data,good,2024-06-03 02:49,2024-06-03 04:19,89,20240515,192,7,0.03,0.03,0.03,0.4,1249,30,55,160,14,529,0.6,
542,data,good,2024-06-03 04:20,2024-06-03 05:50,89,20240515,192,7,0.03,0.03,0.03,0.4,3194,30,55,160,35,529,0.6,
543,data,good,2024-06-03 05:50,2024-06-03 07:20,89,20240515,192,7,0.03,0.03,0.03,0.4,2878,30,55,160,32,529,0.6,
544,data,good,2024-06-03 07:20,2024-06-03 08:50,89,20240515,192,7,0.03,0.03,0.03,0.4,2239,30,55,160,25,529,0.6,
545,data,good,2024-06-03 08:51,2024-06-03 10:21,89,20240515,192,7,0.03,0.03,0.03,0.4,1851,30,55,160,21,529,0.6,
546,data,good,2024-06-03 10:21,2024-06-03 11:51,61,20240515,192,7,0.03,0.03,0.03,0.4,1128,30,55,160,13,529,0.6,
547,data,good,2024-06-03 11:52,2024-06-03 13:22,89,20240515,192,7,0.03,0.03,0.03,0.4,1135,30,55,160,13,529,0.6,
548,data,good,2024-06-03 13:22,2024-06-03 14:52,90,20240515,192,7,0.03,0.03,0.03,0.4,16251,30,55,160,176,529,0.6,
549,data,good,2024-06-03 14:53,2024-06-03 16:23,89,20240515,192,7,0.03,0.03,0.03,0.4,32290,30,55,160,349,529,0.6,
550,data,good,2024-06-03 16:23,2024-06-03 17:52,88,20240515,192,7,0.03,0.03,0.03,0.4,1541,30,55,160,17,529,0.6,
551,ptrg,good,2024-06-03 17:52,2024-06-03 17:53,0,20240515,192,0,0.03,0.03,0.03,0.4,13469,30,55,160,146,-1,0.0,
552,data,good,2024-06-03 17:54,2024-06-03 19:24,89,20240515,192,7,0.03,0.03,0.03,0.4,645,30,55,160,7,551,0.6,
553,data,bad,2024-06-03 19:25,2024-06-03 20:55,86,20240515,192,7,0.03,0.03,0.03,0.4,17,30,55,160,1,551,0.6,
554,data,good,2024-06-03 20:55,2024-06-03 22:25,89,20240515,192,7,0.03,0.03,0.03,0.4,1398,30,55,160,16,551,0.6,
555,data,good,2024-06-03 22:26,2024-06-03 23:56,89,20240515,192,7,0.03,0.03,0.03,0.4,2847,30,55,160,31,551,0.6,
556,ptrg,good,2024-06-04 11:52,2024-06-04 11:52,0,20240515,192,0,0.03,0.03,0.03,0.4,13067,30,55,160,142,-1,0.0,
557,ptrg,good,2024-06-04 12:44,2024-06-04 12:44,0,20240515,192,0,0.03,0.03,0.03,0.4,13067,30,55,160,142,-1,0.0,
558,ptrg,good,2024-06-04 13:37,2024-06-04 13:38,0,20240515,192,0,0.03,0.03,0.03,0.4,13268,30,55,160,144,-1,0.0,
559,ptrg,good,2024-06-04 13:54,2024-06-04 13:54,0,20240515,192,0,0.03,0.03,0.03,0.4,12905,30,55,160,140,-1,0.0,
560,data,good,2024-06-04 14:00,2024-06-04 15:30,89,20240515,192,7,0.03,0.03,0.03,0.4,301,30,55,160,4,559,0.6,
561,data,good,2024-06-04 15:30,2024-06-04 17:00,90,20240515,192,7,0.03,0.03,0.03,0.4,1157,30,55,160,13,559,0.6,
562,data,good,2024-06-04 17:01,2024-06-04 18:31,90,20240515,192,7,0.03,0.03,0.03,0.4,2489,30,55,160,27,559,0.6,
563,data,bad,2024-06-04 18:31,2024-06-04 20:01,0,20240515,192,7,0.03,0.03,0.03,0.4,2023,30,55,160,15,559,0.6,Only two CAEN unit readouts
564,data,good,2024-06-04 20:02,2024-06-04 21:32,89,20240515,192,7,0.03,0.03,0.03,0.4,1649,30,55,160,18,559,0.6,
565,data,good,2024-06-04 23:02,2024-06-05 00:32,89,20240515,192,7,0.03,0.03,0.03,0.4,826,30,55,160,9,559,0.6,
566,data,good,2024-06-04 21:32,2024-06-04 23:02,89,20240515,192,7,0.03,0.03,0.03,0.4,1442,30,55,160,16,559,0.6,
567,data,good,2024-06-05 00:33,2024-06-05 02:03,89,20240515,192,7,0.03,0.03,0.03,0.4,2614,30,55,160,29,559,0.6,
568,data,good,2024-06-05 02:03,2024-06-05 03:33,90,20240515,192,7,0.03,0.03,0.03,0.4,1727,30,55,160,19,559,0.6,
569,data,bad,2024-06-05 03:34,2024-06-05 05:04,89,20240515,192,7,0.03,0.03,0.03,0.4,1482,30,55,160,11,559,0.6,
570,data,good,2024-06-05 05:04,2024-06-05 06:34,89,20240515,192,7,0.03,0.03,0.03,0.4,1481,30,55,160,17,559,0.6,
571,data,good,2024-06-05 06:34,2024-06-05 08:04,81,20240515,192,7,0.03,0.03,0.03,0.4,1166,30,55,160,13,559,0.6,
572,ptrg,good,2024-06-05 08:27,2024-06-05 08:27,0,20240515,192,0,0.03,0.03,0.03,0.4,13270,27,55,160,144,-1,0.0,Lower LG from 30 to 27
573,cosmic,good,2024-06-05 08:36,2024-06-05 10:06,90,20240515,192,112,0.01,0.01,0.01,0.4,2675,27,55,160,29,572,0.6,
574,cosmic,good,2024-06-05 10:06,2024-06-05 11:36,90,20240515,192,112,0.01,0.01,0.01,0.4,2378,27,55,160,26,572,0.6,
575,cosmic,good,2024-06-05 11:37,2024-06-05 13:07,90,20240515,192,112,0.01,0.01,0.01,0.4,2210,27,55,160,24,572,0.6,
576,cosmic,good,2024-06-05 13:07,2024-06-05 14:37,89,20240515,192,112,0.01,0.01,0.01,0.4,2090,27,55,160,23,572,0.6,
577,cosmic,good,2024-06-05 14:38,2024-06-05 16:08,89,20240515,192,112,0.01,0.01,0.01,0.4,2015,27,55,160,22,572,0.6,
578,cosmic,good,2024-06-05 16:08,2024-06-05 17:38,89,20240515,192,112,0.01,0.01,0.01,0.4,1932,27,55,160,21,572,0.6,
579,cosmic,good,2024-06-05 17:39,2024-06-05 18:29,50,20240515,192,112,0.01,0.01,0.01,0.4,1015,27,55,160,11,572,0.6,
580,cosmic,good,2024-06-05 20:43,2024-06-05 22:13,88,20240515,192,64,0.03,0.03,0.01,0.4,157,27,55,160,2,572,0.6,
581,cosmic,good,2024-06-05 22:15,2024-06-05 23:45,89,20240515,192,64,0.03,0.03,0.01,0.4,147,27,55,160,2,572,0.6,
582,cosmic,good,2024-06-05 23:45,2024-06-06 01:15,89,20240515,192,64,0.03,0.03,0.01,0.4,162,27,55,160,2,572,0.6,
583,cosmic,good,2024-06-06 01:16,2024-06-06 02:46,89,20240515,192,64,0.03,0.03,0.01,0.4,153,27,55,160,2,572,0.6,
584,cosmic,good,2024-06-06 02:46,2024-06-06 04:16,89,20240515,192,64,0.03,0.03,0.01,0.4,150,27,55,160,2,572,0.6,
585,cosmic,good,2024-06-06 04:17,2024-06-06 05:47,89,20240515,192,64,0.03,0.03,0.01,0.4,149,27,55,160,2,572,0.6,
586,cosmic,good,2024-06-06 05:47,2024-06-06 07:17,89,20240515,192,64,0.03,0.03,0.01,0.4,148,27,55,160,2,572,0.6,
587,cosmic,good,2024-06-06 07:18,2024-06-06 08:48,89,20240515,192,64,0.03,0.03,0.01,0.4,162,27,55,160,2,572,0.6,
588,cosmic,good,2024-06-06 08:48,2024-06-06 10:15,85,20240515,192,64,0.01,0.01,0.01,0.4,125,27,55,160,2,572,0.6,
589,ptrg,good,2024-06-06 10:16,2024-06-06 10:16,0,20240515,192,0,0.01,0.01,0.01,0.4,12685,27,55,160,138,-1,0.0,
590,cosmic,good,2024-06-06 10:16,2024-06-06 11:46,89,20240515,192,48,0.01,0.01,0.01,0.4,195,27,55,160,3,589,0.6,
591,cosmic,good,2024-06-06 11:47,2024-06-06 13:17,88,20240515,192,48,0.01,0.01,0.01,0.4,205,27,55,160,3,589,0.6,
592,cosmic,good,2024-06-06 13:17,2024-06-06 14:47,89,20240515,192,48,0.01,0.01,0.01,0.4,221,27,55,160,3,589,0.6,
593,cosmic,good,2024-06-06 14:49,2024-06-06 16:19,89,20240515,192,48,0.01,0.01,0.01,0.4,191,27,55,160,3,589,0.6,
594,cosmic,good,2024-06-06 16:19,2024-06-06 17:49,89,20240515,192,48,0.01,0.01,0.01,0.4,182,27,55,160,2,589,0.6,
595,cosmic,good,2024-06-06 17:50,2024-06-06 19:20,89,20240515,192,48,0.01,0.01,0.01,0.4,183,27,55,160,2,589,0.6,
596,cosmic,good,2024-06-06 19:20,2024-06-06 20:50,89,20240515,192,48,0.01,0.01,0.01,0.4,192,27,55,160,3,589,0.6,
597,cosmic,good,2024-06-06 20:51,2024-06-06 22:21,89,20240515,192,48,0.01,0.01,0.01,0.4,204,27,55,160,3,589,0.6,
598,cosmic,good,2024-06-06 22:21,2024-06-06 23:51,89,20240515,192,48,0.01,0.01,0.01,0.4,149,27,55,160,2,589,0.6,
599,data,good,2024-06-07 01:22,2024-06-07 02:52,90,20240515,192,48,0.03,0.03,0.01,0.4,59145,27,55,160,639,589,0.6,
600,data,good,2024-06-07 05:26,2024-06-07 06:56,89,20240515,192,7,0.03,0.03,0.01,0.4,3946,27,55,160,43,589,0.6,
601,data,good,2024-06-07 06:56,2024-06-07 08:26,90,20240515,192,7,0.03,0.03,0.01,0.4,3617,27,55,160,40,589,0.6,
602,data,good,2024-06-07 08:26,2024-06-07 09:56,88,20240515,192,7,0.03,0.03,0.01,0.4,2096,27,55,160,23,589,0.6,
603,data,good,2024-06-07 10:04,2024-06-07 11:34,84,20240515,192,7,0.03,0.03,0.01,0.4,47,27,55,160,1,589,0.6,
604,cosmic,good,2024-06-07 11:34,2024-06-07 13:04,66,20240515,192,7,0.03,0.03,0.01,0.4,44,27,55,160,1,589,0.6,
605,ptrg,good,2024-06-07 13:12,2024-06-07 13:12,0,20240515,192,0,0.03,0.03,0.01,0.4,13066,27,55,160,142,-1,0.0,
606,cosmic,good,2024-06-07 13:15,2024-06-07 14:43,88,20240515,192,112,0.005,0.005,0.005,0.4,27670,27,55,160,299,605,0.6,beam injection in the last 10 mins
607,data,good,2024-06-07 14:45,2024-06-07 16:15,90,20240515,192,7,0.02,0.02,0.02,0.4,5796,27,55,160,63,605,0.6,
608,data,good,2024-06-07 16:15,2024-06-07 17:45,89,20240515,192,7,0.02,0.02,0.02,0.4,6685,27,55,160,73,605,0.6,
609,data,good,2024-06-07 17:46,2024-06-07 19:16,90,20240515,192,7,0.02,0.02,0.02,0.4,5680,27,55,160,62,605,0.6,
610,data,good,2024-06-07 19:16,2024-06-07 20:46,90,20240515,192,7,0.02,0.02,0.02,0.4,5255,27,55,160,57,605,0.6,
611,data,good,2024-06-07 20:47,2024-06-07 22:17,89,20240515,192,7,0.02,0.02,0.02,0.4,2725,27,55,160,30,605,0.6,
612,data,good,2024-06-07 22:17,2024-06-07 23:47,89,20240515,192,7,0.02,0.02,0.02,0.4,3942,27,55,160,43,605,0.6,
613,data,good,2024-06-07 23:47,2024-06-08 01:17,90,20240515,192,7,0.02,0.02,0.02,0.4,4316,27,55,160,47,605,0.6,
614,data,good,2024-06-08 01:18,2024-06-08 02:48,90,20240515,192,7,0.02,0.02,0.02,0.4,3662,27,55,160,40,605,0.6,
615,data,bad,2024-06-08 02:48,2024-06-08 04:18,90,20240515,192,7,0.02,0.02,0.02,0.4,3330,27,55,160,37,605,0.6,
616,data,good,2024-06-08 04:19,2024-06-08 05:49,88,20240515,192,7,0.02,0.02,0.02,0.4,1619,27,55,160,18,605,0.6,
617,data,good,2024-06-08 05:49,2024-06-08 07:19,90,20240515,192,7,0.02,0.02,0.02,0.4,661,27,55,160,8,605,0.6,
